country,name,firstname,position,team,games,goals,assists,points,dollar_salary,dollar_point
CAN,McDavid,Connor,C,EDM,82,30,70,100,925000,9250
SWE,Arvidsson,Viktor,LW/RW,NSH,80,31,30,61,640000,10355
RUS,Panarin,Artemi,LW/C,CHI,82,31,43,74,925000,10980
DEU,Draisaitl,Leon,C,EDM,82,29,48,77,925000,12013
USA,Sheary,Conor,LW,PIT,61,23,30,53,667500,12594
CAN,Gagner,Sam,C/RW,CBJ,81,18,32,50,650000,13000
CZE,Pastrnak,David,RW/LW,BOS,75,34,36,70,925000,13214
USA,Matthews,Auston,C,TOR,82,40,29,69,925000,13406
DNK,Ehlers,Nikolaj,LW,WPG,82,25,39,64,925000,13971
FIN,Laine,Patrik,RW,WPG,73,36,28,64,925000,14453
CAN,Marner,Mitchell,C/RW,TOR,77,19,42,61,925000,14658
CAN,Nylander,William,C/RW,TOR,81,22,39,61,925000,14658
CAN,Marchessault,Jonathan,C,FLA,75,30,21,51,750000,14706
SWE,Wennberg,Alex,C,CBJ,80,13,46,59,925000,15678
USA,Eichel,Jack,C,BUF,61,24,33,57,925000,16228
CAN,Drouin,Jonathan,LW,T.B,73,21,32,53,832500,16871
CAN,Point,Brayden,C,T.B,68,18,22,40,667500,17167
CAN,Horvat,Bo,C,VAN,81,20,32,52,832500,17196
CZE,Vrbata,Radim,RW,ARI,81,20,35,55,1000000,18182
FIN,Aho,Sebastian,RW/LW,CAR,82,24,25,49,925000,18878
CAN,Reinhart,Sam,C,BUF,79,17,30,47,925000,19025
CAN,Brown,Connor,RW,TOR,82,20,16,36,650000,19074
USA,Tkachuk,Matthew,LW,CGY,76,13,35,48,925000,19271
CAN,Severson,Damon,D,N.J,80,3,28,31,600000,19543
CAN,Eaves,Patrick,RW/LW,ANA/DAL,79,32,19,51,1000000,19608
USA,Werenski,Zach,D,CBJ,78,11,36,47,925000,19681
SVK,Panik,Richard,RW/LW,CHI,82,22,22,44,875000,19886
USA,Ryan,Derek,C,CAR,67,11,18,29,600000,20690
FIN,Teravainen,Teuvo,LW/C/RW,CAR,81,15,27,42,832500,21290
CAN,Athanasiou,Andreas,C,DET,64,18,11,29,575000,21667
USA,Slavin,Jaccob,D,CAR,82,5,29,34,742500,21838
USA,Guentzel,Jake,C/LW,PIT,40,16,17,33,667500,22247
CAN,Domi,Max,LW/C,ARI,59,9,29,38,832500,22719
CAN,Danault,Phillip,LW/C,MTL,82,13,27,40,875000,22813
USA,Rust,Bryan,RW,PIT,57,15,13,28,620000,22857
CAN,Anderson,Josh,RW,CBJ,78,17,12,29,700000,23391
USA,Dzingel,Ryan,LW/RW/C,OTT,81,14,18,32,750000,23438
FIN,Rantanen,Mikko,RW,COL,75,20,18,38,925000,23531
USA,Gostisbehere,Shayne,D,PHI,76,7,32,39,925000,23718
USA,Skjei,Brady,D,NYR,80,5,34,39,925000,23718
CAN,Mantha,Anthony,RW,DET,60,17,19,36,832500,23981
CAN,Wilson,Scott,LW/C,PIT,78,8,18,26,590000,24038
CAN,Spooner,Ryan,C/LW,BOS,78,12,28,39,1100000,24359
CAN,Martinook,Jordan,LW/C,ARI,77,11,14,25,625000,24500
CAN,Parayko,Colton,D,STL,81,4,31,35,925000,24536
USA,Dvorak,Christian,C/LW,ARI,78,15,18,33,792500,25429
AUT,Burakovsky,Andre,LW/C,WSH,64,12,23,35,832500,25548
CAN,Versteeg,Kris,RW/LW,CGY,69,15,22,37,950000,25676
RUS,Zaitsev,Nikita,D,TOR,82,4,32,36,925000,25694
CZE,Faksa,Radek,C,DAL,80,12,21,33,832500,26162
CAN,Shore,Devin,C,DAL,82,13,20,33,867500,26364
CHE,Andrighetto,Sven,RW,COL/MTL,46,7,17,24,650000,27083
CAN,Byron,Paul,LW/C/RW,MTL,81,22,21,43,1300000,27132
CAN,Pageau,Jean-Gabriel,C,OTT,82,12,21,33,1100000,27273
CAN,Schultz,Justin,D,PIT,78,12,39,51,1400000,27451
USA,Hartman,Ryan,LW/RW,CHI,76,19,12,31,832500,27849
FIN,Granlund,Markus,C,VAN,69,19,13,32,850000,28125
USA,Larkin,Dylan,C/LW,DET,80,17,15,32,925000,28906
USA,Dowd,Nic,C,L.A,70,6,16,22,630000,29091
RUS,Provorov,Ivan,D,PHI,82,6,24,30,925000,29806
FIN,Lehkonen,Artturi,LW,MTL,73,18,10,28,667500,29970
CAN,Fabbri,Robby,C/LW,STL,51,11,18,29,925000,30833
CAN,Tierney,Chris,C,S.J,80,11,12,23,700000,30942
CAN,Pearson,Tanner,LW,L.A,80,24,20,44,1550000,31818
USA,Hanifin,Noah,D,CAR,81,4,25,29,925000,31897
CAN,Konecny,Travis,C/LW,PHI,70,11,17,28,925000,31935
CAN,Ritchie,Nick,LW,ANA,77,14,14,28,925000,31935
CAN,Hyman,Zach,C/RW/LW,TOR,82,10,18,28,900000,32143
USA,Cullen,Matt,C/LW,PIT,72,13,18,31,1000000,32258
SWE,Lindberg,Oscar,C,NYR,65,8,12,20,700000,32500
CAN,Ferland,Micheal,LW/RW,CGY,76,15,10,25,900000,33000
USA,Schmaltz,Nick,C/LW,CHI,61,6,22,28,925000,33036
CAN,Chiasson,Alex,RW,CGY,81,12,12,24,800000,33333
USA,Watson,Austin,LW,NSH,77,5,12,17,575000,33824
CAN,Quine,Alan,C,NYI,61,5,13,18,575000,34028
USA,Vesey,Jimmy,LW,NYR,80,16,11,27,925000,34259
CAN,Pyatt,Tom,LW/C,OTT,82,9,14,23,800000,34783
USA,Shore,Nick,C,L.A,70,6,11,17,600000,35294
CAN,Bennett,Sam,C,CGY,81,13,13,26,925000,35577
CAN,Beaulieu,Nathan,D,MTL,74,4,24,28,1000000,35714
USA,Labanc,Kevin,RW,S.J,55,8,12,20,667500,35875
CAN,Moore,Dominic,C/LW,BOS,82,11,14,25,900000,36000
CAN,Bourque,Rene,RW/LW,COL,65,12,6,18,650000,36111
USA,Forbort,Derek,D,L.A,82,2,16,18,650000,36111
CAN,Ritchie,Brett,RW,DAL,78,16,8,24,875000,36458
CAN,Connolly,Brett,RW/LW,WSH,66,15,8,23,850000,36957
CAN,Beauvillier,Anthony,C/LW,NYI,66,9,15,24,925000,37257
CZE,Zacha,Pavel,C,N.J,70,8,16,24,925000,37257
CAN,Cracknell,Adam,RW/C,DAL,69,10,6,16,600000,37500
USA,Bennett,Beau,RW/LW,N.J,65,8,11,19,725000,38158
FIN,Haula,Erik,C/LW,MIN,72,15,11,26,1050000,38462
CAN,Stecher,Troy,D,VAN,71,3,21,24,925000,38542
USA,Lowry,Adam,C/LW,WPG,82,15,14,29,1000000,38793
DEU,Kuhnhackl,Tom,RW,PIT,57,4,12,16,590000,39063
CAN,Sceviour,Colton,C/RW,FLA,80,9,15,24,950000,39583
SWE,Karlsson,William,C,CBJ,81,6,19,25,1000000,40000
USA,Pesce,Brett,D,CAR,82,2,18,20,792500,40458
CAN,Irwin,Matt,D,NSH,74,3,11,14,575000,41071
GBR,Perlini,Brendan,LW,ARI,57,14,7,21,925000,41111
AUT,Grabner,Michael,RW,NYR,76,27,13,40,1650000,41250
FIN,Lindell,Esa,D,DAL,73,6,12,18,802500,41435
USA,Kero,Tanner,C/RW,CHI,47,6,10,16,667500,41719
CAN,McKenzie,Curtis,LW,DAL,53,6,10,16,700000,42188
USA,Zucker,Jason,LW/RW,MIN,79,22,25,47,2000000,42553
RUS,Nesterov,Nikita,D,MTL/T.B,48,4,13,17,725000,42647
USA,Schaller,Tim,C,BOS,59,7,7,14,600000,42857
CAN,Morrissey,Josh,D,WPG,82,6,14,20,832500,43167
FIN,Granlund,Mikael,C,MIN,81,26,43,69,3200000,43478
USA,Vatrano,Frank,C/LW,BOS,44,10,8,18,792500,44028
CAN,Ekblad,Aaron,D,FLA,68,10,11,21,925000,44048
CAN,Parenteau,PA,RW,N.J/NSH,67,13,15,28,1250000,44643
CZE,Kase,Ondrej,RW,ANA,53,5,10,15,645000,44667
USA,Glendening,Luke,C/RW/LW,DET,74,3,11,14,675000,44881
USA,Jensen,Nick,D,DET,49,4,9,13,600000,45192
SWE,Fast,Jesper,RW/LW,NYR,68,6,15,21,1000000,45238
DEU,Seidenberg,Dennis,D,NYI,73,5,17,22,1000000,45455
CZE,Sedlak,Lukas,C/LW,CBJ,62,7,6,13,600000,46154
RUS,Buchnevich,Pavel,RW/LW,NYR,41,8,12,20,925000,46250
USA,Chychrun,Jakob,D,ARI,68,7,13,20,925000,46250
CHE,Niederreiter,Nino,RW,MIN,82,25,32,57,3500000,46784
USA,Wideman,Chris,D,OTT,76,5,12,17,800000,47059
CAN,Hutton,Ben,D,VAN,71,5,14,19,925000,47171
USA,Prince,Shane,LW/C,NYI,50,5,13,18,800000,47222
USA,VandeVelde,Chris,C/LW,PHI,81,6,9,15,725000,47500
USA,Maroon,Patrick,LW,EDM,81,27,15,42,2000000,47619
USA,Schmidt,Nate,D,WSH,60,3,14,17,875000,47794
CAN,Setoguchi,Devin,RW,L.A,45,4,8,12,575000,47917
CAN,Holden,Nick,D,NYR,80,11,23,34,1650000,48529
USA,Manson,Josh,D,ANA,82,5,12,17,825000,48529
FIN,Armia,Joel,RW,WPG,57,10,9,19,875000,48684
USA,Miller,J.T.,LW/RW/C,NYR,82,22,34,56,2750000,49107
USA,Carlo,Brandon,D,BOS,82,6,10,16,717500,49323
CAN,Jooris,Josh,RW/C,ARI/NYR,54,4,8,12,600000,50000
FIN,Korpikoski,Lauri,LW/RW,CBJ/DAL,69,8,12,20,1000000,50000
USA,Schroeder,Jordan,C/RW,MIN,37,6,7,13,650000,50000
CAN,Upshall,Scottie,RW/LW,STL,73,10,8,18,900000,50000
DNK,Bjorkstrand,Oliver,RW,CBJ,26,6,7,13,600000,50449
CAN,McGinn,Brock,LW,CAR,57,7,9,16,800000,50729
RUS,Kuznetsov,Evgeny,C/LW,WSH,82,19,40,59,3400000,50847
USA,Hinostroza,Vinnie,LW/C,CHI,49,6,8,14,667500,51250
USA,Bonino,Nick,C,PIT,80,18,19,37,2100000,51351
CAN,Caggiula,Drake,LW/C,EDM,60,7,11,18,925000,51389
CAN,Letestu,Mark,C/RW,EDM,78,16,19,35,1800000,51429
CAN,Duclair,Anthony,LW/RW,ARI,58,5,10,15,832500,51500
USA,van Riemsdyk,Trevor,D,CHI,58,5,11,16,750000,51563
CAN,Haley,Micheal,C,S.J,58,2,10,12,625000,52083
CAN,Cousins,Nick,C/LW,PHI,60,6,10,16,840000,52500
CHE,Baertschi,Sven,LW,VAN,68,18,17,35,1700000,52857
CAN,Marchand,Brad,LW/C,BOS,80,39,46,85,5000000,52941
CAN,Nash,Riley,C/RW,BOS,81,7,10,17,900000,52941
USA,Hayes,Kevin,C/RW,NYR,76,17,32,49,2600000,53061
USA,Dumoulin,Brian,D,PIT,70,1,14,15,800000,53333
SWE,Paajarvi,Magnus,LW,STL,32,8,5,13,700000,53846
CAN,Staal,Eric,C,MIN,82,28,37,65,3500000,53846
CHE,Fiala,Kevin,LW,NSH,54,11,5,16,925000,53958
AUT,Vanek,Thomas,LW/RW,DET/FLA,68,17,31,48,2600000,54167
CAN,Weal,Jordan,C/LW,PHI,23,8,4,12,650000,54167
USA,Copp,Andrew,C,WPG,64,9,8,17,925000,54412
FIN,Donskoi,Joonas,RW,S.J,61,6,11,17,925000,54412
CAN,Matheson,Michael,D,FLA,81,7,10,17,925000,54412
USA,Wood,Miles,LW,N.J,60,8,9,17,925000,54412
USA,Clendening,Adam,D,NYR,31,2,9,11,600000,54545
CAN,Stewart,Chris,RW/LW,MIN,79,13,8,21,1200000,54762
SWE,Hedman,Victor,D,T.B,79,16,56,72,4250000,55556
USA,Nelson,Brock,C/LW,NYI,81,20,25,45,2500000,55556
CAN,Dotchin,Jake,D,T.B,35,0,11,11,615000,56061
RUS,Kucherov,Nikita,RW,T.B,74,40,45,85,4250000,56078
USA,Atkinson,Cam,RW,CBJ,82,35,27,62,3500000,56452
RUS,Grigorenko,Mikhail,C,COL,75,10,13,23,1300000,56522
USA,Nieto,Matt,LW/RW,COL/S.J,59,7,6,13,735000,56538
USA,Coyle,Charlie,C/RW,MIN,82,18,38,56,2600000,57143
USA,Ruhwedel,Chad,D,PIT,34,2,8,10,575000,57500
CAN,Barberio,Mark,D,COL/MTL,60,2,11,13,800000,57692
CAN,Petan,Nic,LW/C,WPG,54,1,12,13,750000,58333
CAN,Beagle,Jay,C/RW,WSH,81,13,17,30,1750000,58333
CAN,Bailey,Josh,RW/LW/C,NYI,82,13,43,56,3700000,58929
CAN,Smith,Zack,C,OTT,74,16,16,32,2350000,58984
FRA,Ouellet,Xavier,D,DET,66,3,9,12,715000,59583
SVK,Tatar,Tomas,LW/C/RW,DET,82,25,21,46,2750000,59783
SWE,Lindholm,Elias,C/RW,CAR,72,11,34,45,2500000,60000
USA,Noesen,Stefan,RW,ANA/N.J,44,8,2,10,600000,60000
CAN,Pirri,Brandon,RW/LW/C,NYR,60,8,10,18,1100000,61111
CAN,Leivo,Josh,LW,TOR,13,2,8,10,575000,61250
USA,Deangelo,Anthony,D,ARI,39,5,9,14,925000,61667
CAN,Benning,Matthew,D,EDM,62,3,12,15,925000,61667
RUS,Barbashev,Ivan,C,STL,30,5,7,12,742500,61806
CAN,Kassian,Zack,RW,EDM,79,7,17,24,1500000,62500
CAN,Sissons,Colton,C,NSH,58,8,2,10,575000,62500
USA,Stempniak,Lee,RW,CAR,82,16,24,40,2500000,62500
CAN,Vermette,Antoine,C/LW,ANA,72,9,19,28,1750000,62500
CAN,White,Ryan,C,ARI/MIN,65,9,7,16,1000000,62500
USA,Czarnik,Austin,C,BOS,49,5,8,13,842500,62885
USA,Hunwick,Matt,D,TOR,72,1,18,19,1200000,63158
CAN,Brodziak,Kyle,C,STL,69,8,7,15,1000000,63333
CAN,Postma,Paul,D,WPG,65,1,13,14,925000,63393
SWE,Claesson,Fredrik,D,OTT,33,3,8,11,700000,63636
USA,Galchenyuk,Alex,C/LW,MTL,61,17,27,44,3100000,63636
CAN,Turris,Kyle,C,OTT,78,27,28,55,4000000,63636
CZE,Palat,Ondrej,LW,T.B,75,17,35,52,4000000,64103
SWE,Jarnkrok,Calle,C,NSH,81,15,16,31,1700000,64516
CAN,Benn,Jordie,D,DAL/MTL,71,4,13,17,1100000,64706
CAN,Stone,Mark,RW,OTT,71,22,32,54,3750000,64815
DEU,Rieder,Tobias,RW/C,ARI,80,16,18,34,2000000,65441
CAN,Johansen,Ryan,C/RW,NSH,82,14,47,61,6000000,65574
CAN,Ellis,Ryan,D,NSH,71,16,22,38,2500000,65789
USA,Pitlick,Tyler,RW/C,EDM,31,8,3,11,725000,65909
CAN,Shaw,Logan,C/RW,ANA,55,3,7,10,660000,66000
CAN,Pysyk,Mark,D,FLA,82,4,13,17,1250000,66176
CAN,Chaput,Michael,C,VAN,68,4,5,9,600000,66667
CAN,Perreault,Mathieu,C/LW,WPG,65,13,32,45,3000000,66667
CAN,Sgarbossa,Michael,C,ANA/FLA,38,2,7,9,600000,66667
CAN,Wiercioch,Patrick,D,COL,57,4,8,12,800000,66667
USA,Pacioretty,Max,LW,MTL,81,35,32,67,5000000,67164
SWE,Backlund,Mikael,C,CGY,81,22,31,53,3575000,67453
CAN,Williams,Justin,RW,WSH,80,24,24,48,3250000,67708
CAN,Chimera,Jason,LW/RW,NYI,82,20,13,33,2000000,68182
USA,van Riemsdyk,James,LW,TOR,82,29,33,62,5000000,68548
CHE,Malgin,Denis,C,FLA,47,6,4,10,640000,69000
RUS,Namestnikov,Vladislav,C/LW,T.B,74,10,18,28,1900000,69196
CAN,Graovac,Tyler,C,MIN,52,7,2,9,600000,69444
USA,Mayfield,Scott,D,NYI,25,2,7,9,575000,69444
CAN,Edmundson,Joel,D,STL,69,3,12,15,900000,70000
CAN,Mitchell,Torrey,C/RW,MTL,78,8,9,17,1300000,70588
CAN,Chiarot,Ben,D,WPG,59,2,10,12,850000,70833
SWE,Zibanejad,Mika,C/RW,NYR,56,14,23,37,3250000,70946
USA,Boucher,Reid,C/LW,N.J/NSH/VAN,39,6,4,10,715000,71500
LVA,Girgensons,Zemgus,C/LW,BUF,75,7,9,16,1150000,71875
CAN,Gourde,Yanni,C,T.B,20,6,2,8,575000,71875
SWE,Rasmussen,Dennis,C,CHI,68,4,4,8,575000,71875
CHE,Weber,Yannick,D,NSH,73,1,7,8,575000,71875
CAN,Blandisi,Joseph,LW/C,N.J,27,3,6,9,715000,72037
USA,Lee,Anders,LW/C,NYI,81,34,18,52,3500000,72115
CAN,Cramarossa,Joseph,C/LW,ANA/VAN,59,4,6,10,724500,72450
USA,Johns,Stephen,D,DAL,61,4,6,10,650000,72500
CAN,Simmonds,Wayne,RW/LW,PHI,82,31,23,54,4300000,73611
CAN,Kadri,Nazem,C,TOR,82,32,29,61,5000000,73770
USA,Johnson,Tyler,C,T.B,66,19,26,45,4000000,74074
FRA,Roussel,Antoine,LW,DAL,60,12,15,27,2200000,74074
CAN,Crouse,Lawson,LW,ARI,72,5,7,12,925000,74514
USA,Oshie,T.J.,RW/C,WSH,68,33,23,56,4500000,74554
CAN,Scheifele,Mark,C,WPG,79,32,50,82,5000000,74695
CAN,Dumba,Matt,D,MIN,76,11,23,34,2350000,75000
SWE,Karlsson,Melker,C/RW,S.J,67,11,11,22,1850000,75000
CAN,Kelly,Chris,C/LW,OTT,82,5,7,12,900000,75000
USA,Megna,Jayson,C,VAN,58,4,4,8,600000,75000
CAN,Petrovic,Alex,D,FLA,49,1,13,14,1200000,75000
SWE,Rakell,Rickard,C/RW,ANA,71,33,18,51,3800000,75562
USA,Wheeler,Blake,RW,WPG,82,26,48,74,5800000,75676
USA,Moore,John,D,N.J,63,12,10,22,1750000,75758
CAN,Burns,Brent,D/RW,S.J,82,29,47,76,5760000,75789
USA,Shattenkirk,Kevin,D,STL/WSH,80,13,43,56,5200000,75893
CAN,Benn,Jamie,LW,DAL,77,26,43,69,5750000,76087
NOR,Zuccarello,Mats,RW/C/LW,NYR,80,15,44,59,4500000,76271
CAN,Bozak,Tyler,C,TOR,78,18,37,55,4500000,76364
SWE,Silfverberg,Jakob,RW/LW,ANA,79,23,26,49,3000000,76531
CAN,Miller,Colin,D,BOS,61,6,7,13,900000,76923
USA,Skille,Jack,RW,VAN,55,5,4,9,700000,77778
RUS,Orlov,Dmitry,D,WSH,82,6,27,33,2570000,77879
SWE,Backstrom,Nicklas,C,WSH,82,23,63,86,7000000,77907
CAN,Nurse,Darnell,D,EDM,44,5,6,11,832500,78485
CAN,de Haan,Calvin,D,NYI,82,5,20,25,2900000,78667
SWE,Johansson,Marcus,LW/C/RW,WSH,82,24,34,58,4250000,79023
CZE,Hanzal,Martin,C,ARI/MIN,71,20,19,39,3500000,79487
CAN,Seguin,Tyler,C/RW,DAL,82,26,46,72,6000000,79861
CAN,Carter,Jeff,C/RW,L.A,82,32,34,66,7000000,79890
USA,Boyle,Brian,C/LW,T.B/TOR,75,13,12,25,2000000,80000
USA,McCabe,Jake,D,BUF,76,3,17,20,1250000,80000
CAN,Carr,Daniel,LW,MTL,33,2,7,9,725000,80556
USA,Cole,Ian,D,PIT,81,5,21,26,2300000,80769
CAN,Demelo,Dylan,D,S.J,25,1,7,8,600000,81250
CAN,Falk,Justin,D,BUF,52,0,8,8,650000,81250
CAN,MacKenzie,Derek,C/LW,FLA,82,6,10,16,1300000,81250
CAN,Manning,Brandon,D,PHI,65,3,9,12,950000,81250
CAN,Paquette,Cedric,C/LW,T.B,58,4,6,10,800000,81250
CAN,Perron,David,LW/RW,STL,82,18,28,46,3750000,81522
CHE,Josi,Roman,D,NSH,72,12,37,49,4250000,81633
RUS,Soshnikov,Nikita,RW,TOR,56,5,4,9,742500,81852
USA,Lewis,Trevor,C/RW/LW,L.A,82,12,12,24,2000000,83333
CAN,Quincey,Kyle,D,CBJ/N.J,73,6,9,15,1250000,83333
CAN,Strome,Ryan,RW/C,NYI,69,13,17,30,2000000,83333
CAN,Tavares,John,C,NYI,77,28,38,66,6000000,83333
AUT,Dano,Marko,C/LW/RW,WPG,38,4,7,11,925000,84091
CAN,Hoffman,Mike,LW/C,OTT,74,26,35,61,3800000,85041
CAN,Jenner,Boone,C/LW,CBJ,82,18,16,34,2900000,85294
CAN,Pelech,Adam,D,NYI,44,3,7,10,925000,85433
CAN,Cogliano,Andrew,LW/C/RW,ANA,82,16,19,35,3100000,85714
CAN,Fedun,Taylor,D,BUF,27,0,7,7,600000,85714
CAN,Carrier,William,LW,BUF,41,5,3,8,650000,86146
CAN,Ho-Sang,Joshua,RW/C,NYI,21,4,6,10,925000,86333
SWE,Larsson,Johan,C/LW,BUF,36,6,5,11,950000,86364
CAN,Reaves,Ryan,RW,STL,80,7,6,13,1125000,86538
SWE,Klingberg,John,D,DAL,80,13,36,49,2750000,86735
CZE,Jagr,Jaromir,RW,FLA,82,16,30,46,4000000,86957
USA,Kreider,Chris,LW/C,NYR,75,28,25,53,5000000,87264
USA,Bitetto,Anthony,D,NSH,29,0,7,7,575000,87500
CAN,Rowney,Carter,RW/C,PIT,27,3,4,7,575000,87500
USA,Palmieri,Kyle,RW/C/LW,N.J,80,26,27,53,4500000,87736
USA,Trocheck,Vincent,C/RW,FLA,82,23,31,54,3750000,87963
CAN,Campbell,Brian,D,CHI,80,5,12,17,1500000,88235
USA,Pavelski,Joe,C/RW,S.J,81,29,39,68,6000000,88235
USA,Pateryn,Greg,D,DAL/MTL,36,1,8,9,750000,88889
SWE,Rask,Victor,C,CAR,82,16,29,45,4000000,88889
FRA,Bellemare,Pierre-Edouard,LW/C,PHI,82,4,4,8,725000,89063
USA,Prosser,Nate,D,MIN,39,2,5,7,650000,89286
CAN,Sproul,Ryan,D,DET,27,1,6,7,600000,89286
RUS,Zadorov,Nikita,D,COL,56,0,10,10,832500,89417
SWE,Zetterberg,Henrik,LW/C,DET,82,17,51,68,7500000,89461
CAN,Winnik,Daniel,LW/C,WSH,72,12,13,25,1800000,90000
SWE,Folin,Christian,D,MIN,51,2,6,8,850000,90625
CAN,Skinner,Jeff,LW/C/RW,CAR,79,37,26,63,6000000,90873
RUS,Jaskin,Dmitrij,RW/LW,STL,51,1,10,11,1000000,90909
USA,Wagner,Chris,C/RW,ANA,43,6,1,7,625000,91071
NOR,Martinsen,Andreas,LW/C,COL/MTL,64,3,4,7,640000,91429
SWE,Karlsson,Erik,D,OTT,77,17,54,71,7000000,91549
EST,Komarov,Leo,C/LW,TOR,82,14,18,32,2950000,92188
RUS,Slepyshev,Anton,LW,EDM,41,4,6,10,925000,92500
CAN,Smith,Reilly,RW/C/LW,FLA,80,15,22,37,3500000,92568
CAN,Schenn,Brayden,C/LW,PHI,79,25,30,55,6000000,93182
USA,Carrick,Connor,D,TOR,67,2,6,8,650000,93750
SWE,Stalberg,Viktor,LW/RW,CAR/OTT,75,11,5,16,1500000,93750
USA,Gardiner,Jake,D,TOR,82,9,34,43,4050000,94186
USA,Flynn,Brian,C/RW,MTL,51,6,4,10,950000,95000
USA,Gravel,Kevin,D,L.A,49,1,6,7,667500,95357
CAN,Toffoli,Tyler,C/RW/LW,L.A,63,16,18,34,3900000,95588
USA,Gionta,Stephen,RW/C,NYI,26,1,5,6,575000,95833
CAN,Theodore,Shea,D,ANA,34,2,7,9,832500,95926
SWE,Hornqvist,Patric,RW,PIT,70,21,23,44,4750000,96591
RUS,Burmistrov,Alex,C/RW,ARI/WPG,49,5,11,16,1600000,96875
CAN,Schwartz,Jaden,LW/C,STL,78,19,36,55,5250000,97273
CZE,Frolik,Michael,RW/C,CGY,82,17,27,44,5000000,97727
CAN,Crosby,Sidney,C,PIT,75,44,45,89,10900000,97753
USA,Foligno,Marcus,LW,BUF,80,13,10,23,2250000,97826
SWE,Nyquist,Gustav,RW/C/LW,DET,76,12,36,48,4250000,98958
CAN,Henrique,Adam,C,N.J,82,20,20,40,4500000,100000
DEU,Holzer,Korbinian,D,ANA,32,2,5,7,700000,100000
CAN,Hunt,Brad,D,NSH/STL,12,1,5,6,600000,100000
CAN,Little,Bryan,C/RW,WPG,59,21,26,47,5000000,100000
CAN,McKegg,Greg,C,FLA/T.B,46,3,4,7,700000,100000
CAN,Puempel,Matt,LW,NYR/OTT,40,6,3,9,900000,100000
RUS,Tarasenko,Vladimir,RW,STL,82,39,36,75,8000000,100000
USA,Trouba,Jacob,D,WPG,60,8,25,33,2500000,100267
RUS,Anisimov,Artem,C/LW,CHI,64,22,23,45,5750000,101111
CAN,Fowler,Cam,D,ANA,80,11,28,39,4000000,102564
USA,Martinez,Alec,D,L.A,82,9,30,39,3900000,102564
RUS,Tryamkin,Nikita,D,VAN,66,2,7,9,925000,102778
USA,Krug,Torey,D,BOS,81,8,43,51,5000000,102941
SWE,Forsberg,Filip,LW/C/RW,NSH,82,31,27,58,6000000,103448
CZE,Sustr,Andrej,D,T.B,80,3,11,14,1600000,103571
CAN,Keith,Duncan,D,CHI,80,6,47,53,6000000,104499
CAN,Fisher,Mike,C,NSH,72,18,24,42,4000000,104762
CAN,Wilson,Tom,RW,WSH,82,7,12,19,1750000,105263
SWE,Nordstrom,Joakim,LW/C,CAR,82,7,5,12,1250000,106250
CAN,Elie,Remi,LW,DAL,18,1,6,7,767500,106429
RUS,Radulov,Alex,RW,MTL,76,18,36,54,5750000,106481
USA,Carlson,John,D,WSH,72,9,28,37,4000000,107207
CAN,Smith,Gemel,C,DAL,17,3,3,6,670000,107500
USA,Foligno,Nick,LW/RW,CBJ,79,26,25,51,5500000,107843
CAN,Holland,Peter,C,ARI/TOR,48,5,7,12,1300000,108333
SWE,Berglund,Patrik,C/LW,STL,82,23,11,34,3700000,108824
USA,Sanford,Zach,LW,STL/WSH,39,4,4,8,875000,109375
SWE,Klefbom,Oscar,D,EDM,82,12,26,38,3000000,109658
CAN,Monahan,Sean,C,CGY,82,27,31,58,6500000,109914
CAN,Hickey,Thomas,D,NYI,76,4,16,20,2250000,110000
SWE,Josefson,Jacob,C/LW,N.J,38,1,9,10,1100000,110000
USA,Gaudreau,Johnny,LW,CGY,72,18,43,61,6750000,110656
USA,McDonagh,Ryan,D,NYR,77,6,36,42,5000000,111905
USA,Tennyson,Matt,D,CAR,45,0,6,6,675000,112500
USA,Wilson,Colin,LW/C,NSH,70,12,23,35,4000000,112500
CAN,Ward,Joel,RW/C,S.J,78,10,19,29,3275000,112931
CAN,Getzlaf,Ryan,C,ANA,74,15,58,73,9250000,113014
CAN,Hall,Taylor,LW/C,N.J,72,20,33,53,6000000,113208
USA,Saad,Brandon,LW/RW,CBJ,82,24,29,53,5750000,113208
FIN,Barkov,Aleksander,C,FLA,61,21,31,52,4500000,113462
CAN,Steen,Alex,LW/C,STL,76,16,35,51,6500000,113725
USA,Kessel,Phil,RW/C,PIT,82,23,47,70,9000000,114286
CAN,Ott,Steve,C/LW,DET/MTL,53,3,4,7,800000,114286
CAN,Hamilton,Dougie,D,CGY,81,13,37,50,5500000,115000
CAN,Couture,Logan,C/LW,S.J,73,25,27,52,6000000,115385
USA,Ladue,Paul,D,L.A,22,0,8,8,925000,115625
SWE,Puljujarvi,Jesse,RW,EDM,28,1,7,8,925000,115625
FIN,Koivu,Mikko,C,MIN,80,18,40,58,5400000,116379
CAN,Schlemko,David,D,S.J,62,2,16,18,2500000,116667
CAN,Di Giuseppe,Phillip,LW,CAR,36,1,6,7,867500,116786
FIN,Nutivaara,Markus,D,CBJ,66,2,5,7,792500,116786
SVK,Hossa,Marian,RW,CHI,73,26,19,45,4000000,117222
CAN,Eberle,Jordan,RW/C,EDM,82,20,31,51,6000000,117647
USA,Kane,Patrick,RW/C,CHI,82,34,55,89,13800000,117978
USA,Stepan,Derek,C,NYR,81,17,38,55,8000000,118182
USA,Kesler,Ryan,C/RW,ANA,82,22,36,58,7875000,118534
CAN,Nolan,Jordan,C/LW/RW,L.A,46,4,4,8,1000000,118750
CAN,MacKinnon,Nathan,C/RW,COL,82,16,37,53,5000000,118868
FIN,Filppula,Valtteri,C/LW,PHI/T.B,79,12,30,42,5000000,119048
CAN,Pominville,Jason,RW,MIN,78,13,34,47,6250000,119149
USA,Leddy,Nick,D,NYI,81,11,35,46,4500000,119565
CAN,Comeau,Blake,LW/RW,COL,77,8,12,20,2400000,120000
CAN,Lucic,Milan,LW,EDM,82,23,27,50,8000000,120000
FIN,Ristolainen,Rasmus,D,BUF,79,6,39,45,5400000,120000
USA,Lappin,Nick,RW,N.J,43,4,3,7,842500,120357
USA,Gionta,Brian,RW,BUF,82,15,20,35,3250000,121429
CAN,King,Dwight,LW/RW,L.A/MTL,80,9,7,16,2100000,121875
CAN,Neal,James,RW/LW,NSH,70,23,18,41,5000000,121951
CAN,Kane,Evander,LW,BUF,70,28,15,43,6000000,122093
USA,Redmond,Zach,D,MTL,16,0,5,5,575000,122500
CAN,Killorn,Alex,LW/C,T.B,81,19,17,36,4450000,123611
SWE,Dahlbeck,Klas,D,CAR,43,2,4,6,750000,125000
CAN,Griffith,Seth,C/RW,FLA/TOR,24,0,5,5,625000,125000
DNK,Hansen,Jannik,RW,S.J/VAN,43,8,12,20,3000000,125000
CAN,Huberdeau,Jonathan,LW/C,FLA,31,10,16,26,4000000,125000
USA,Couturier,Sean,C,PHI,66,14,20,34,3750000,127451
SWE,Eriksson Ek,Joel,C/RW/LW,MIN,15,3,4,7,925000,127738
CAN,McCann,Jared,C,FLA,29,1,6,7,925000,127738
CAN,Zajac,Travis,C,N.J,80,14,31,45,6500000,127778
DNK,Nielsen,Frans,C,DET,79,17,24,41,6000000,128049
CAN,Brassard,Derick,C,OTT,81,14,25,39,5000000,128205
CAN,Hartnell,Scott,LW,CBJ,78,13,24,37,5000000,128378
USA,Jones,Seth,D,CBJ,75,12,30,42,5400000,128571
USA,Sutter,Brandon,C,VAN,81,17,17,34,4250000,128676
CAN,Brodie,T.J.,D,CGY,82,6,30,36,4838000,129178
CAN,Gallagher,Brendan,RW,MTL,64,10,19,29,4500000,129310
CAN,Bergeron,Patrice,C,BOS,79,21,32,53,8750000,129717
USA,Faulk,Justin,D,CAR,75,17,20,37,5500000,130631
CAN,Oleksiak,Jamie,D,DAL,41,5,2,7,918750,131250
RUS,Malkin,Evgeni,C/RW,PIT,62,33,39,72,9500000,131944
USA,Motte,Tyler,LW/C,CHI,33,4,3,7,925000,132143
USA,Santini,Steven,D,N.J,38,2,5,7,925000,132143
CAN,Kunitz,Chris,LW,PIT,71,9,20,29,3550000,132759
CAN,Clifford,Kyle,LW/C,L.A,73,6,6,12,1250000,133333
USA,Okposo,Kyle,RW,BUF,65,19,26,45,8000000,133333
CAN,Staal,Jordan,C/LW,CAR,75,16,29,45,6000000,133333
CAN,Cizikas,Casey,C,NYI,59,8,17,25,2500000,134000
CZE,Krejci,David,C,BOS,82,23,31,54,7250000,134259
CAN,Shaw,Andrew,C/LW/RW,MTL,68,12,17,29,5500000,134483
CAN,Thornton,Joe,C,S.J,79,7,43,50,6750000,135000
CZE,Voracek,Jakub,RW,PHI,82,20,41,61,10000000,135246
CAN,Pietrangelo,Alex,D,STL,80,14,34,48,7000000,135417
CAN,Stajan,Matt,C,CGY,81,6,17,23,3000000,135870
CZE,Hertl,Tomas,C/RW,S.J,49,10,12,22,2800000,136364
CAN,O'Reilly,Ryan,C/LW/RW,BUF,72,20,35,55,11000000,136364
CAN,Spurgeon,Jared,D,MIN,76,10,28,38,4250000,136513
CAN,Clutterbuck,Cal,RW,NYI,66,5,15,20,3500000,137500
USA,Hathaway,Garnet,RW,CGY,26,1,4,5,722500,138000
RUS,Ovechkin,Alex,LW/RW,WSH,82,33,36,69,10000000,138239
CAN,Nugent-Hopkins,Ryan,C,EDM,82,18,25,43,6000000,139535
DNK,Eller,Lars,C/LW/RW,WSH,81,12,13,25,4250000,140000
CAN,Ribeiro,Mike,C,NSH,46,4,21,25,3500000,140000
SWE,Sedin,Henrik,C,VAN,82,15,35,50,7000000,140000
CAN,Rodrigues,Evan,LW/C,BUF,30,4,2,6,842500,140417
SWE,Ekman-Larsson,Oliver,D,ARI,79,12,27,39,6000000,141026
CAN,Giroux,Claude,C/RW,PHI,82,14,44,58,9000000,142672
USA,Dubinsky,Brandon,C/LW,CBJ,80,12,29,41,5850000,142683
FIN,Jokinen,Jussi,LW/RW/C,FLA,69,11,17,28,4000000,142857
CAN,Muzzin,Jake,D,L.A,82,9,19,28,4000000,142857
CAN,Doan,Shane,RW/LW,ARI,74,6,21,27,3876134,143561
CAN,Conacher,Cory,C/LW,T.B,11,1,3,4,575000,143750
CAN,Dumont,Gabriel,C,T.B,39,2,2,4,575000,143750
CAN,Gaunce,Cameron,D,PIT,12,1,3,4,575000,143750
USA,Witkowski,Luke,D,T.B,34,0,4,4,575000,143750
CAN,Zolnierczyk,Harry,LW,NSH,24,2,2,4,575000,143750
CZE,Vrana,Jakub,LW,WSH,21,3,3,6,925000,143889
CAN,Smith-Pelly,Devante,RW/C/LW,N.J,53,4,5,9,1250000,144444
CAN,Barrie,Tyson,D,COL,74,7,31,38,5000000,144737
CAN,Marleau,Patrick,LW/C,S.J,82,27,19,46,6500000,144928
CAN,Burrows,Alex,LW/RW,OTT/VAN,75,15,16,31,3000000,145161
CZE,Gudas,Radko,D,PHI,67,6,17,23,4000000,145652
USA,Byfuglien,Dustin,D/RW,WPG,80,13,39,52,8000000,146154
CAN,Duchene,Matt,C/LW,COL,77,18,23,41,6000000,146341
USA,Miller,Drew,LW/RW,DET,55,5,2,7,1025000,146429
USA,Smith,Craig,RW/LW/C,NSH,78,12,17,29,4000000,146552
CAN,Calvert,Matt,LW,CBJ,65,10,5,15,2200000,146667
USA,Niskanen,Matt,D,WSH,78,5,34,39,5750000,147436
SWE,Kempe,Adrian,LW/C,L.A,25,2,4,6,925000,149028
CHE,Meier,Timo,RW,S.J,34,3,3,6,925000,149028
USA,Carpenter,Ryan,C,S.J,11,2,2,4,600000,150000
CAN,Goloubef,Cody,D,COL,33,0,5,5,800000,150000
FIN,Jokipakka,Jyrki,D,CGY/OTT,41,1,5,6,900000,150000
CAN,McClement,Jay,C,CAR,65,5,3,8,1100000,150000
CAN,Spezza,Jason,C,DAL,68,15,35,50,7500000,150000
CAN,Terry,Chris,LW/RW,MTL,14,2,2,4,600000,150000
CAN,Vlasic,Marc-Edouard,D,S.J,75,6,22,28,4250000,151786
USA,Goligoski,Alex,D,ARI,82,6,30,36,5375000,152083
DNK,Boedker,Mikkel,LW/RW,S.J,81,10,16,26,5200000,153846
RUS,Tyutin,Fedor,D,COL,69,1,12,13,2000000,153846
CAN,Montour,Brandon,D,ANA,27,2,4,6,925000,154167
USA,Yandle,Keith,D,FLA,82,5,36,41,7500000,154878
CAN,Moulson,Matt,LW,BUF,81,14,18,32,5000000,156250
CAN,Schenn,Luke,D,ARI,78,1,7,8,1000000,156250
CAN,Weise,Dale,RW,PHI,64,8,7,15,2750000,156667
SVK,Sekera,Andrej,D,EDM,80,8,27,35,6500000,157143
USA,Backes,David,RW/C,BOS,74,17,21,38,8000000,157895
CAN,Gryba,Eric,D,EDM,40,2,4,6,950000,158333
USA,Acciari,Noel,C,BOS,29,2,3,5,892500,158500
CAN,Doughty,Drew,D,L.A,82,12,32,44,7450000,159091
SWE,Sedin,Daniel,LW,VAN,82,15,29,44,7000000,159091
CAN,Sheahan,Riley,C,DET,80,2,11,13,2075000,159615
RUS,Markov,Andrei,D,MTL,62,6,30,36,4250000,159722
CAN,Chorney,Taylor,D,WSH,18,1,4,5,775000,160000
CAN,Demers,Jason,D,FLA,81,9,19,28,5500000,160714
CAN,Cammalleri,Mike,LW/C,N.J,61,10,21,31,5000000,161290
CAN,Grant,Derek,C,BUF/NSH,46,0,4,4,650000,162500
CAN,Perry,Corey,RW,ANA,82,19,34,53,10000000,162736
SWE,Ekholm,Mattias,D,NSH,82,3,20,23,3000000,163043
USA,Brown,Dustin,RW/LW,L.A,80,14,22,36,7000000,163194
CAN,Ceci,Cody,D,OTT,79,2,15,17,2250000,164706
USA,Hainsey,Ron,D,CAR/PIT,72,4,13,17,2500000,166667
CAN,Green,Mike,D,DET,72,14,22,36,6000000,166667
SWE,Brodin,Jonas,D,MIN,68,3,22,25,4000000,166667
USA,Bailey,Justin,RW,BUF,32,2,2,4,692500,167500
USA,Smith,Ben,RW/C,COL/TOR,40,2,2,4,675000,168750
SWE,Landeskog,Gabriel,LW,COL,72,18,15,33,5500000,168831
DNK,Larsen,Philip,D,VAN,26,1,5,6,1025000,170833
CAN,Gaunce,Brendan,C/LW,VAN,57,0,5,5,832500,172667
FIN,Honka,Julius,D,DAL,16,1,4,5,925000,172667
USA,McCarron,Michael,RW/C,MTL,31,1,4,5,832500,172667
CAN,Giordano,Mark,D,CGY,81,12,27,39,6750000,173077
CAN,Daley,Trevor,D,PIT,56,5,14,19,2700000,173684
SWE,Forsling,Gustav,D,CHI,38,2,3,5,767500,174500
CAN,Franson,Cody,D,BUF,68,3,16,19,2650000,175000
CAN,Stastny,Paul,C,STL,66,18,22,40,7000000,175000
CAN,Seabrook,Brent,D,CHI,79,3,36,39,9000000,176282
CAN,Matthias,Shawn,LW/C,WPG,45,8,4,12,2125000,177083
CAN,Ladd,Andrew,LW,NYI,78,23,8,31,8000000,177419
SVK,Marincin,Martin,D,TOR,25,1,6,7,1200000,178571
USA,Parise,Zach,LW,MIN,69,19,23,42,9000000,179487
CAN,Baptiste,Nicholas,RW,BUF,14,3,1,4,740000,179583
CAN,Brouwer,Troy,RW,CGY,74,13,12,25,4500000,180000
CAN,Toews,Jonathan,C,CHI,72,21,37,58,13800000,181034
RUS,Marchenko,Alexey,D,DET/TOR,41,1,7,8,1300000,181250
FIN,Pakarinen,Iiro,RW,EDM,14,2,2,4,725000,181250
SWE,Kruger,Marcus,C,CHI,70,5,12,17,3475000,181373
CAN,Fehr,Eric,C/RW,PIT/TOR,53,6,5,11,2000000,181818
SWE,Hagelin,Carl,LW,PIT,61,6,16,22,3667000,181818
CZE,Hudler,Jiri,RW/LW,DAL,32,3,8,11,2000000,181818
RUS,Kulemin,Nikolay,LW/RW,NYI,72,12,11,23,4250000,182065
CAN,Engelland,Deryk,D,CGY,81,4,12,16,2750000,182292
CZE,Nestrasil,Andrej,C/RW/LW,CAR,19,1,4,5,950000,182500
CAN,Savard,David,D,CBJ,74,6,17,23,3500000,184783
USA,Boeser,Brock,RW,VAN,9,4,1,5,925000,185000
USA,Compher,J.T.,LW/C,COL,21,3,2,5,925000,185000
USA,Connor,Kyle,LW,WPG,20,2,3,5,925000,185000
CAN,Rielly,Morgan,D,TOR,76,6,21,27,5000000,185185
USA,Martin,Paul,D,S.J,81,4,22,26,5000000,186538
CAN,Weber,Shea,D,MTL,78,17,25,42,12000000,187075
USA,Suter,Ryan,D,MIN,82,9,31,40,9000000,188462
USA,Johnson,Jack,D,CBJ,82,5,18,23,5000000,189441
USA,Merrill,Jon,D,N.J,51,1,5,6,1000000,189583
CAN,Read,Matt,RW/LW,PHI,63,10,9,19,4000000,190789
CAN,Bournival,Michael,LW,T.B,19,2,1,3,575000,191667
CAN,Stollery,Karl,D,N.J,11,0,3,3,575000,191667
USA,Thompson,Paul,RW,FLA,21,0,3,3,575000,191667
CHE,Vermin,Joel,RW,T.B,18,0,3,3,575000,191667
SVN,Kopitar,Anze,C,L.A,76,12,40,52,14000000,192308
USA,Miller,Kevan,D,BOS,58,3,10,13,2500000,192308
CHE,Streit,Mark,D,PHI/PIT,68,6,21,27,4000000,194444
CAN,McGinn,Jamie,LW/RW,ARI,72,9,8,17,3000000,196078
USA,Petry,Jeff,D,MTL,80,8,20,28,7000000,196429
CAN,Iginla,Jarome,RW,COL/L.A,80,14,13,27,5000000,197531
FRA,Auvitu,Yohann,D/LW,N.J,25,2,2,4,792500,198125
CAN,Dalpe,Zac,C,MIN,9,1,2,3,600000,200000
RUS,Kalinin,Sergey,C/RW,N.J,43,2,2,4,800000,200000
CZE,Rozsival,Michal,D,CHI,22,1,2,3,600000,200000
USA,Abdelkader,Justin,LW/RW,DET,64,7,14,21,5500000,202381
CAN,Quenneville,John,C,N.J,12,1,3,4,842500,202917
FIN,Vatanen,Sami,D,ANA,71,3,21,24,5000000,203125
CZE,Polak,Roman,D,TOR,75,4,7,11,2250000,204545
SWE,Stralman,Anton,D,T.B,73,5,17,22,4500000,204545
CAN,Nash,Rick,RW/LW,NYR,67,23,15,38,8000000,205263
USA,Wingels,Tommy,C/RW/LW,OTT/S.J,73,7,5,12,2600000,206250
CAN,Klein,Kevin,D,NYR,60,3,11,14,2750000,207143
USA,Stafford,Drew,RW/LW,BOS/WPG,58,8,13,21,4350000,207143
USA,Agostino,Kenny,LW,STL,7,1,2,3,625000,208333
USA,Brown,J.T.,RW,T.B,64,3,3,6,1250000,208333
CAN,Harrington,Scott,D,CBJ,22,1,2,3,632500,210833
CAN,Letang,Kris,D,PIT,41,5,29,34,7250000,213235
FIN,Lehtera,Jori,C,STL,64,7,15,22,4400000,213636
AUT,Raffl,Michael,LW/C,PHI,52,8,3,11,2350000,213636
CZE,Plekanec,Tomas,C,MTL,78,10,18,28,7000000,214286
CAN,Del Zotto,Michael,D,PHI,51,6,12,18,4000000,215278
CAN,Alzner,Karl,D,WSH,82,3,10,13,2800000,215385
USA,Harper,Shane,RW,FLA,14,2,1,3,650000,216667
CAN,Tanev,Brandon,LW/C/RW,WPG,51,2,2,4,874125,218531
CAN,Kulak,Brett,D,CGY,21,0,3,3,680000,218889
SWE,Larsson,Adam,D,EDM,79,4,15,19,3000000,219298
CAN,Archibald,Josh,RW,PIT,10,3,0,3,667500,219722
CAN,McLeod,Cody,LW/RW,COL/NSH,59,5,1,6,1250000,222222
CAN,Koekkoek,Slater,D,T.B,29,0,4,4,832500,223542
CAN,Lazar,Curtis,C/RW,CGY/OTT,37,1,3,4,832500,223542
CAN,Subban,P.K.,D,NSH,66,10,30,40,11000000,225000
CAN,Helm,Darren,C,DET,50,8,9,17,5000000,226471
USA,Murphy,Connor,D,ARI,77,2,15,17,2400000,226471
SWE,Hjalmarsson,Niklas,D,CHI,73,5,13,18,4100000,227778
USA,Hayden,John,LW/RW/C,CHI,12,1,3,4,925000,231250
CAN,Richardson,Brad,RW/C,ARI,16,5,4,9,2250000,231481
SVK,Gaborik,Marian,RW,L.A,56,10,11,21,6075000,232143
CAN,Phaneuf,Dion,D,OTT,81,9,21,30,7500000,233333
CAN,Hamhuis,Dan,D,DAL,79,1,15,16,4500000,234375
SWE,Edler,Alex,D,VAN,68,6,15,21,6000000,238095
CAN,Russell,Kris,D,EDM,68,1,12,13,3100000,238462
SVK,Chara,Zdeno,D,BOS,75,9,19,29,5000000,238506
SWE,Lander,Anton,C/LW/RW,EDM,22,1,3,4,1050000,246875
CAN,Dauphin,Laurent,C,ARI,24,2,1,3,767500,248333
CAN,Beauchemin,Francois,D,COL,81,5,13,18,4500000,250000
CAN,Biega,Alex,D,VAN,36,0,3,3,700000,250000
CAN,Desharnais,David,C,EDM/MTL,49,6,8,14,3500000,250000
SWE,Eriksson,Loui,LW/C,VAN,65,11,13,24,8000000,250000
CAN,Tootoo,Jordin,RW,CHI,50,2,1,3,750000,250000
CAN,Murray,Ryan,D,CBJ,60,2,9,11,2825000,256818
CAN,Mitchell,John,C,COL,65,3,4,7,1900000,257143
CAN,Boychuk,Johnny,D,NYI,66,6,17,23,7000000,260870
CAN,Bortuzzo,Robert,D,STL,38,1,3,4,1050000,262500
CAN,Prout,Dalton,D,CBJ/N.J,29,0,6,6,1250000,262500
USA,Hendricks,Matt,LW/C,EDM,42,4,3,7,1850000,264286
SWE,Olofsson,Gustav,D,MIN,13,0,3,3,925000,265000
CAN,Stone,Michael,D,ARI/CGY,64,3,12,15,4000000,266667
CAN,Mcquaid,Adam,D,BOS,77,2,8,10,3000000,275000
CAN,Hamonic,Travis,D,NYI,49,3,11,14,4875000,275510
ITA,Sbisa,Luca,D,VAN,82,2,11,13,3600000,276923
CAN,MacDonald,Andrew,D,PHI,73,2,16,18,4750000,277778
CAN,Martin,Matt,LW/RW,TOR,82,5,4,9,3500000,277778
RUS,Yakupov,Nail,RW/LW,STL,40,3,6,9,2500000,277778
USA,Gilbert,Tom,D,L.A,18,1,4,5,1400000,280000
USA,Fischer,Christian,RW,ARI,7,3,0,3,817500,284167
SWE,Lindholm,Hampus,D,ANA,66,6,14,20,3000000,285671
CAN,Bieksa,Kevin,D,ANA,81,3,11,14,4000000,285714
CAN,Pouliot,Benoit,LW,EDM,67,8,6,14,4000000,285714
USA,Rau,Kyle,C,FLA,24,2,1,3,925000,286250
USA,Sestito,Tom,LW,PIT,13,0,2,2,575000,287500
CAN,Gauthier,Frederik,C,TOR,21,2,1,3,832500,287778
RUS,Goldobin,Nikolay,RW/LW,S.J/VAN,14,3,0,3,925000,287778
USA,Ryan,Bobby,RW/LW,OTT,62,13,12,25,7000000,290000
USA,Erne,Adam,LW,T.B,26,3,0,3,925000,291389
CAN,Wideman,Dennis,D,CGY,57,5,13,18,6000000,291667
USA,Braun,Justin,D,S.J,81,4,9,13,3800000,292308
USA,Bjugstad,Nick,C,FLA,54,7,7,14,3350000,292857
CAN,Andreoff,Andy,LW/C,L.A,36,0,2,2,600000,293750
USA,Boll,Jared,RW,ANA,51,0,3,3,900000,300000
SVK,Hrivik,Marek,LW/C/RW,NYR,16,0,2,2,600000,300000
SWE,Nemeth,Patrik,D,DAL,40,0,3,3,900000,300000
USA,Shore,Drew,C,VAN,14,0,2,2,600000,300000
USA,Strait,Brian,D,WPG,5,0,2,2,600000,300000
CAN,Thorburn,Chris,RW/LW,WPG,64,3,1,4,1200000,300000
CAN,Smith,Brendan,D,DET/NYR,51,3,6,9,3250000,305556
USA,Bartkowski,Matt,D,CGY,24,1,1,2,575000,306250
CAN,Hamilton,Freddie,C,CGY,26,2,0,2,575000,306250
USA,Kampfer,Steven,D,FLA/NYR,11,1,1,2,625000,306250
CAN,Scandella,Marco,D,MIN,71,4,9,13,3750000,307692
CAN,Coburn,Braydon,D,T.B,80,5,7,12,3700000,308333
CAN,Colborne,Joe,C/LW/RW,COL,62,4,4,8,2500000,312500
CAN,Dowling,Justin,C,DAL,9,0,2,2,625000,312500
CAN,Fiddler,Vernon,C/LW,N.J/NSH,59,2,2,4,1250000,312500
CAN,Hudon,Charles,LW,MTL,3,0,2,2,575000,312500
CAN,Melchiori,Julian,D,WPG,18,0,2,2,600000,312500
CAN,Bouma,Lance,C/LW/RW,CGY,61,3,4,7,2200000,314286
CAN,Eakin,Cody,C,DAL,60,3,9,12,3850000,320833
CAN,Rattie,Ty,RW,CAR/STL,9,0,2,2,650000,325000
CAN,Dillon,Brenden,D,S.J,81,2,8,10,2750000,327000
CAN,Sharp,Patrick,LW/RW/C,DAL,48,8,10,18,5000000,327778
SWE,Soderberg,Carl,C/LW,COL,80,6,8,14,4750000,339286
USA,Coleman,Blake,C/LW,N.J,23,1,1,2,692500,340000
SWE,Wallmark,Lucas,C,CAR,8,0,2,2,675000,341667
USA,Johnson,Erik,D,COL,46,2,15,17,6000000,352941
CAN,Ennis,Tyler,LW/C/RW,BUF,51,5,8,13,3650000,353846
FIN,Hannikainen,Markus,LW,CBJ,10,1,1,2,742500,358750
CAN,Bouwmeester,Jay,D,STL,81,1,14,15,5600000,360000
SWE,Kronwall,Niklas,D,DET,57,2,11,13,5500000,365385
CAN,Borowiecki,Mark,D,OTT,70,1,2,3,1100000,366667
CAN,Girardi,Dan,D,NYR,63,4,11,15,6000000,366667
SVK,Cehlarik,Peter,LW/RW,BOS,11,0,2,2,692500,371250
CAN,Neil,Chris,RW,OTT,53,1,3,4,1500000,375000
USA,Lovejoy,Ben,D,N.J,82,1,6,7,2500000,380952
USA,Greene,Andy,D,N.J,66,4,9,13,5000000,384615
CAN,Deslauriers,Nicolas,LW,BUF,42,0,2,2,775000,387500
CAN,Leier,Taylor,LW,PHI,10,1,1,2,768150,389809
SWE,Aberg,Pontus,LW,NSH,15,1,1,2,842500,390417
SWE,Blidh,Anton,LW,BOS,19,1,1,2,792500,392084
USA,Orpik,Brooks,D,WSH,79,0,14,14,5500000,392857
CAN,Murphy,Ryan,D,CAR,27,0,2,2,750000,393750
CAN,Peca,Matthew,C,T.B,10,1,1,2,925000,398125
USA,Liles,John-Michael,D,BOS,36,0,5,5,2000000,400000
USA,Brodzinski,Jonny,C,L.A,6,0,2,2,925000,404375
FIN,Pulkkinen,Teemu,LW,ARI/MIN,13,2,0,2,812500,406250
CAN,Methot,Marc,D,OTT,68,0,12,12,4900000,408333
RUS,Emelin,Alexei,D,MTL,76,2,8,10,4200000,410000
SWE,Enstrom,Tobias,D,WPG,60,1,13,14,5750000,410714
USA,DeKeyser,Danny,D,DET,82,4,8,12,4000000,416667
SWE,Oduya,Johnny,D,CHI/DAL,52,2,7,9,3750000,416667
CAN,McNabb,Brayden,D,L.A,49,2,2,4,1600000,425000
CAN,Stamkos,Steven,C,T.B,17,9,11,20,9500000,425000
CAN,Tanev,Chris,D,VAN,53,2,8,10,3500000,445000
CAN,Dickinson,Jason,C,DAL,10,2,0,2,925000,447084
CHE,Mueller,Mirco,D,S.J,4,1,1,2,832500,447084
USA,Keller,Clayton,C/LW,ARI,3,0,2,2,900000,458334
USA,Hayes,Jimmy,RW,BOS,58,2,3,5,2300000,460000
USA,Schmaltz,Jordan,D,STL,9,0,2,2,925000,462500
USA,Bogosian,Zach,D,BUF,56,2,9,11,5250000,467532
SWE,Ericsson,Jonathan,D,DET,51,1,8,9,4250000,472222
CAN,Beleskey,Matt,LW,BOS,49,3,5,8,4000000,475000
CAN,Davidson,Brandon,D,EDM/MTL,38,0,3,3,1300000,475000
SWE,Gunnarsson,Carl,D,STL,56,0,6,6,2900000,483333
CAN,Garrison,Jason,D,T.B,70,1,8,9,3600000,511111
CAN,Schultz,Nick,D,PHI,28,0,4,4,2250000,562500
CAN,Staal,Marc,D,NYR,72,3,7,10,6000000,570000
CZE,Hemsky,Ales,RW,DAL,15,4,3,7,4000000,571429
USA,Oleksy,Steve,D,PIT,11,0,1,1,575000,575000
USA,Warsofsky,David,D,PIT,7,0,1,1,575000,575000
CAN,Abbott,Spencer,LW,CHI,1,0,0,0,575000,575000
USA,Burgdoerfer,Erik,D,BUF,2,0,0,0,575000,575000
USA,Carey,Paul,C,WSH,6,0,0,0,575000,575000
USA,Farnham,Bobby,RW,MTL,3,0,0,0,575000,575000
CAN,Froese,Byron,C,T.B/TOR,6,0,0,0,575000,575000
CAN,Jones,Connor,C/LW,NYI,4,0,0,0,575000,575000
CAN,Liambas,Mike,LW,NSH,1,0,0,0,575000,575000
CAN,Pardy,Adam,D,NSH,4,0,0,0,575000,575000
USA,Porter,Kevin,C,PIT,2,0,0,0,575000,575000
HRV,Rendulic,Borna,RW/C,VAN,1,0,0,0,575000,575000
CAN,Richard,Tanner,C,T.B,3,0,0,0,575000,575000
FIN,Maatta,Olli,D,PIT,55,1,6,7,4083300,583333
CAN,Gudbranson,Erik,D,VAN,30,1,5,6,3500000,583333
CAN,McEneny,Evan,D,VAN,1,0,0,0,575000,585000
USA,Oesterle,Jordan,D,EDM,2,0,0,0,585000,585000
CAN,Henley,Samuel,C/RW,COL,1,1,0,1,590000,586667
USA,Helgeson,Seth,D,N.J,9,1,0,1,600000,587500
CAN,Mitchell,Garrett,RW,WSH,1,0,0,0,600000,587500
CAN,Dea,Jean-Sebastien,C,PIT,1,0,0,0,575000,593333
CAN,Gaudreau,Frederick,C,NSH,9,0,1,1,595000,595000
CAN,Garbutt,Ryan,C/LW,ANA,27,2,1,3,2000000,600000
CZE,Kindl,Jakub,D,FLA,39,0,4,4,3000000,600000
USA,Schneider,Cole,LW/RW,BUF,4,0,1,1,600000,600000
CAN,Street,Ben,C,DET,6,0,1,1,600000,600000
USA,Butler,Chris,D,STL,1,0,0,0,600000,600000
USA,Callahan,Mitch,RW,DET,4,0,0,0,600000,600000
USA,Cannone,Patrick,C,MIN,3,0,0,0,600000,600000
CAN,Corrado,Frank,D,PIT/TOR,4,0,0,0,600000,600000
CAN,Grenier,Alex,RW,VAN,3,0,0,0,600000,600000
CAN,Hanley,Joel,D,MTL,7,0,0,0,600000,600000
DNK,Jensen,Nicklas,RW/LW,NYR,7,0,0,0,600000,600000
CAN,McNeill,Mark,C/RW,DAL,1,0,0,0,600000,600000
USA,Tynan,T.J.,C/RW,CBJ,3,0,0,0,600000,600000
CZE,Nosek,Tomas,LW/C,DET,11,1,0,1,575000,612500
CAN,Bass,Cody,C,NSH,9,0,0,0,575000,612500
CAN,Didomenico,Chris,C/RW,OTT,3,0,0,0,575000,612500
SWE,Granberg,Petter,D,NSH,10,0,0,0,575000,612500
USA,Ness,Aaron,D,WSH,2,0,0,0,575000,612500
FIN,Salomaki,Miikka,RW,NSH,5,0,0,0,575000,612500
CAN,Smith,Trevor,C/RW,NSH,1,0,0,0,575000,612500
CAN,Mitchell,Zack,RW,MIN,11,0,0,0,640000,615000
RUS,Tolchinsky,Sergey,LW,CAR,2,0,1,1,575000,616667
CAN,O'Brien,Liam,C/LW,WSH,1,0,0,0,630000,621667
USA,Rooney,Kevin,C,N.J,4,0,0,0,625000,625000
USA,Tropp,Corey,RW/LW,ANA,1,0,0,0,600000,625000
CAN,Wotherspoon,Tyler,D,CGY,4,0,0,0,625000,625000
CAN,Goodrow,Barclay,RW/C,S.J,3,0,1,1,635000,626667
CAN,Austin,Brady,D,BUF,5,0,0,0,635000,626667
CAN,Thomson,Ben,LW,N.J,3,0,0,0,635000,626667
USA,Zalewski,Michael,LW/C,VAN,1,0,0,0,632500,632500
FIN,Lindbohm,Petteri,D,STL,7,0,0,0,645000,636667
USA,McDonald,Colin,RW/C,PHI,3,1,0,1,625000,637500
CZE,Frk,Martin,RW,CAR,2,0,0,0,650000,639167
CAN,Gorges,Josh,D,BUF,66,1,5,6,3900000,650000
CAN,Beck,Taylor,LW,EDM/NYR,5,0,0,0,650000,650000
USA,Brown,Patrick,C,CAR,14,0,0,0,650000,650000
CAN,Howden,Quinton,C/LW/C,WPG,5,0,0,0,650000,650000
USA,Lashoff,Brian,D,DET,5,0,0,0,650000,650000
USA,McBain,Jamie,D,ARI,3,0,0,0,650000,650000
USA,McCormick,Max,RW/LW/C,OTT,7,0,0,0,650000,650000
USA,Nelson,Casey,D,BUF,11,0,0,0,650000,650000
CAN,Harpur,Ben,D,OTT,6,0,0,0,655000,653333
CAN,Lernout,Brett,D,MTL,2,0,0,0,660000,653333
USA,Stuart,Mark,D,WPG,42,2,2,4,2700000,656250
CAN,Bertuzzi,Tyler,LW,DET,7,0,0,0,667500,661667
CAN,Dorsett,Derek,RW,VAN,14,1,3,4,2500000,662500
USA,Pietila,Blake,LW/C,N.J,10,0,1,1,675000,662500
CAN,Gabriel,Kurtis,RW,MIN,13,0,1,1,725000,666667
CAN,Carrier,Alex,D,NSH,2,0,0,0,640000,668333
CAN,Paul,Nick,LW/C,OTT,1,0,0,0,692500,670000
CAN,Johnston,Ryan,D,MTL,7,0,0,0,692500,680000
USA,Labate,Joseph,C,VAN,13,0,0,0,680000,680000
USA,Russo,Robbie,D,DET,19,0,0,0,692500,680000
CAN,Weegar,Mackenzie,D,FLA,3,0,0,0,705000,680000
CZE,Simon,Dominik,C,PIT,2,0,1,1,667500,692500
USA,Barber,Riley,RW,WSH,3,0,0,0,667500,692500
CAN,O'Reilly,Cal,C,BUF,11,0,1,1,700000,700000
CAN,Gazdic,Luke,LW,N.J,11,0,0,0,700000,700000
CAN,Varone,Phil,C,OTT,7,0,0,0,700000,700000
CAN,Vey,Linden,RW/C,CGY,4,0,0,0,700000,700000
SWE,Sundqvist,Oskar,C,PIT,10,0,0,0,792500,700833
CAN,Guhle,Brendan,D,BUF,3,0,0,0,667500,703333
RUS,Zykov,Valentin,LW,CAR,2,1,0,1,727500,705000
CAN,Nogier,Nelson,D,WPG,10,0,0,0,650000,713333
SWE,Lindholm,Anton,D,COL,12,0,0,0,667500,717500
CAN,Speers,Blake,C,N.J,3,0,0,0,667500,717500
CAN,Glass,Tanner,LW,NYR,11,1,1,2,1000000,725000
CAN,Stephenson,Chandler,C,WSH,4,0,0,0,842500,725833
CAN,Blunden,Mike,RW,OTT,2,0,0,0,725000,737500
CAN,Greer,A.J.,LW,COL,5,0,1,1,725000,741667
USA,Robinson,Buddy,RW,OTT,4,0,0,0,750000,750000
USA,Nieves,Cristoval,C/LW,NYR,1,0,0,0,742500,755000
CAN,Renouf,Dan,D,DET,1,0,0,0,692500,767500
USA,Etem,Emerson,LW/RW,ANA,3,0,0,0,775000,775000
SWE,Heed,Tim,D,S.J,1,0,0,0,775000,775000
CHE,Bertschy,Christoph,C,MIN,5,0,1,1,742500,775833
SWE,Englund,Andreas,D,OTT,5,0,0,0,742500,775833
SWE,Andersson,Rasmus,D,CGY,1,0,0,0,742500,786667
USA,Megna,Jaycob,D,ANA,1,0,0,0,925000,786667
CAN,Desjardins,Andrew,LW/C,CHI,46,0,1,1,800000,800000
CAN,McIlrath,Dylan,D,FLA/NYR,6,1,0,1,800000,800000
CAN,Morrow,Joe,D,BOS,17,0,1,1,800000,800000
CAN,Purcell,Teddy,LW/RW,L.A,12,0,2,2,1600000,800000
USA,Thompson,Nate,C,ANA,30,1,1,2,1700000,800000
CAN,Bourque,Gabriel,LW/RW,COL,6,0,0,0,800000,800000
CAN,Kearns,Bracken,C,NYI,2,0,0,0,800000,800000
DNK,Sorensen,Nick,RW,ANA,5,0,1,1,925000,803333
USA,Kuraly,Sean,C,BOS,8,0,1,1,692500,808750
RUS,Kamenev,Vladislav,LW/C,NSH,2,0,0,0,742500,833333
CAN,Simpson,Dillon,D,EDM,3,0,0,0,925000,836667
DEU,O'Regan,Daniel,C/LW,S.J,3,1,0,1,792500,858750
USA,Grzelcyk,Matt,D,BOS,2,0,0,0,792500,858750
USA,Poturalski,Andrew,C,CAR,2,0,0,0,792500,858750
FIN,Kapanen,Kasperi,RW,TOR,8,1,0,1,925000,863333
RUS,Scherbak,Nikita,RW,MTL,3,1,0,1,925000,863333
CAN,Shinkaruk,Hunter,C/LW,CGY,7,0,1,1,832500,863333
CAN,Laughton,Scott,C/LW,PHI,2,0,0,0,832500,863333
USA,Milano,Sonny,LW,CBJ,4,0,0,0,925000,863333
CAN,Morin,Samuel,D,PHI,1,0,0,0,832500,863333
CAN,Pouliot,Derrick,D,PIT,11,0,0,0,832500,863333
CAN,Pulock,Ryan,D,NYI,1,0,0,0,832500,863333
RUS,Kulikov,Dmitry,D,BUF,47,2,3,5,4500000,866667
CAN,Heinen,Danton,C,BOS,8,0,0,0,767500,872500
CAN,Gaudet,Tyler,C,ARI,4,0,1,1,874125,874125
USA,Bailey,Casey,RW/C,OTT,7,0,0,0,874125,874125
CAN,Siemens,Duncan,D,COL,3,0,0,0,874125,874125
CAN,Khaira,Jujhar,LW,EDM,10,1,0,1,832500,875000
USA,Malone,Sean,C,BUF,1,0,0,0,925000,883750
CAN,Strome,Dylan,C,ARI,7,0,1,1,925000,894167
CAN,Virtanen,Jake,RW,VAN,10,0,1,1,925000,894167
CAN,Barzal,Mathew,C,NYI,2,0,0,0,925000,894167
CAN,Chabot,Thomas,D,OTT,1,0,0,0,925000,894167
SWE,Hagg,Robert,D,PHI,1,0,0,0,925000,894167
RUS,Svechnikov,Evgeny,RW/LW,DET,2,0,0,0,925000,894167
SVK,Jurco,Tomas,LW/RW,CHI/DET,29,1,0,1,950000,900000
CAN,Jost,Tyson,C/LW/RW,COL,6,1,0,1,900000,916667
SWE,Forsbacka Karlsson,Jakob,C,BOS,1,0,0,0,900000,916667
SWE,Carlsson,Gabriel,D,CBJ,2,0,1,1,925000,925000
USA,Fasching,Hudson,RW,BUF,10,0,1,1,925000,925000
USA,Grimaldi,Rocco,C,COL,4,0,1,1,925000,925000
USA,McCoshen,Ian,D,FLA,3,0,1,1,925000,925000
CAN,Nylander,Alex,RW/LW,BUF,4,0,1,1,925000,925000
USA,Reilly,Mike,D,MIN,17,1,0,1,925000,925000
SWE,De la Rose,Jacob,LW,MTL,9,0,0,0,925000,925000
CAN,Jankowski,Mark,C,CGY,1,0,0,0,925000,925000
USA,Kapla,Michael,D,N.J,5,0,0,0,925000,925000
USA,Kerdiles,Nicolas,LW,ANA,1,0,0,0,925000,925000
FIN,Kossila,Kalle,LW/C,ANA,1,0,0,0,925000,925000
SWE,Larsson,Jacob,D,ANA,4,0,0,0,925000,925000
USA,Molino,Griffen,C,VAN,5,0,0,0,925000,925000
USA,O'Gara,Rob,D,BOS,3,0,0,0,925000,925000
RUS,Sergachev,Mikhail,D,MTL,4,0,0,0,925000,925000
USA,Tuch,Alex,RW,MIN,6,0,0,0,925000,925000
USA,Vecchione,Mike,C/RW,PHI,2,0,0,0,925000,925000
USA,White,Colin,C/D,OTT,2,0,0,0,925000,925000
CAN,Gordon,Boyd,C/RW,PHI,13,1,0,1,950000,950000
SWE,Rodin,Anton,RW,VAN,3,0,1,1,950000,950000
CAN,Connauton,Kevin,D,ARI,24,0,1,1,950000,1000000
CAN,Stoner,Clayton,D,ANA,14,1,2,3,3250000,1083333
USA,Myers,Tyler,D,WPG,11,2,3,5,4000000,1100000
USA,Greene,Matt,D,L.A,26,1,1,2,2500000,1250000
USA,Condra,Erik,RW,T.B,13,0,0,0,1250000,1250000
USA,Callahan,Ryan,RW,T.B,18,2,2,4,6500000,1450000
CAN,Gelinas,Eric,D,COL,27,0,1,1,1650000,1575000
USA,Fayne,Mark,D,EDM,4,0,2,2,3500000,1812500
CZE,Michalek,Milan,LW/RW,TOR,5,1,1,2,4000000,2000000
CZE,Sobotka,Vladimir,LW/C,STL,1,1,0,1,2725000,2725000
CZE,Michalek,Zbynek,D,ARI,3,0,0,0,3200000,3200000
CAN,Despres,Simon,D,ANA,1,0,0,0,2600000,3700000
CAN,MacArthur,Clarke,LW,OTT,4,0,0,0,4500000,4650000