country,name,firstname,position,team,games,goals,assists,points,salary,dollar_point,,,,
CAN,McDavid,Connor,C,EDM,82,30,70,100,CA$925'000.00,CA$ 9250.00,,,,
SWE,Arvidsson,Viktor,LW/RW,NSH,80,31,30,61,CA$640'000.00,CA$ 10355.20,,,,
RUS,Panarin,Artemi,LW/C,CHI,82,31,43,74,CA$925'000.00,CA$ 10979.73,,,,
DEU,Draisaitl,Leon,C,EDM,82,29,48,77,CA$925'000.00,CA$ 12012.99,,,,
USA,Sheary,Conor,LW,PIT,61,23,30,53,CA$667'500.00,CA$ 12594.34,,,,
CAN,Gagner,Sam,C/RW,CBJ,81,18,32,50,CA$650'000.00,CA$ 13000.00,,,,
CZE,Pastrnak,David,RW/LW,BOS,75,34,36,70,CA$925'000.00,CA$ 13214.29,,,,
USA,Matthews,Auston,C,TOR,82,40,29,69,CA$925'000.00,CA$ 13405.80,,,,
DNK,Ehlers,Nikolaj,LW,WPG,82,25,39,64,CA$925'000.00,CA$ 13971.36,,,,
FIN,Laine,Patrik,RW,WPG,73,36,28,64,CA$925'000.00,CA$ 14453.13,,,,
CAN,Marner,Mitchell,C/RW,TOR,77,19,42,61,CA$925'000.00,CA$ 14658.48,,,,
CAN,Nylander,William,C/RW,TOR,81,22,39,61,CA$925'000.00,CA$ 14658.48,,,,
CAN,Marchessault,Jonathan,C,FLA,75,30,21,51,CA$750'000.00,CA$ 14705.88,,,,
SWE,Wennberg,Alex,C,CBJ,80,13,46,59,CA$925'000.00,CA$ 15677.97,,,,
USA,Eichel,Jack,C,BUF,61,24,33,57,CA$925'000.00,CA$ 16228.07,,,,
CAN,Drouin,Jonathan,LW,T.B,73,21,32,53,CA$832'500.00,CA$ 16871.08,,,,
CAN,Point,Brayden,C,T.B,68,18,22,40,CA$667'500.00,CA$ 17166.68,,,,
CAN,Horvat,Bo,C,VAN,81,20,32,52,CA$832'500.00,CA$ 17195.52,,,,
CZE,Vrbata,Radim,RW,ARI,81,20,35,55,CA$1'000'000.00,CA$ 18181.82,,,,
FIN,Aho,Sebastian,RW/LW,CAR,82,24,25,49,CA$925'000.00,CA$ 18877.55,,,,
CAN,Reinhart,Sam,C,BUF,79,17,30,47,CA$925'000.00,CA$ 19024.83,,,,
CAN,Brown,Connor,RW,TOR,82,20,16,36,CA$650'000.00,CA$ 19074.08,,,,
USA,Tkachuk,Matthew,LW,CGY,76,13,35,48,CA$925'000.00,CA$ 19270.83,,,,
CAN,Severson,Damon,D,N.J,80,3,28,31,CA$600'000.00,CA$ 19543.00,,,,
CAN,Eaves,Patrick,RW/LW,ANA/DAL,79,32,19,51,CA$1'000'000.00,CA$ 19607.84,,,,
USA,Werenski,Zach,D,CBJ,78,11,36,47,CA$925'000.00,CA$ 19680.85,,,,
SVK,Panik,Richard,RW/LW,CHI,82,22,22,44,CA$875'000.00,CA$ 19886.36,,,,
USA,Ryan,Derek,C,CAR,67,11,18,29,CA$600'000.00,CA$ 20689.66,,,,
FIN,Teravainen,Teuvo,LW/C/RW,CAR,81,15,27,42,CA$832'500.00,CA$ 21289.69,,,,
CAN,Athanasiou,Andreas,C,DET,64,18,11,29,CA$575'000.00,CA$ 21666.66,,,,
USA,Slavin,Jaccob,D,CAR,82,5,29,34,CA$742'500.00,CA$ 21838.24,,,,
USA,Guentzel,Jake,C/LW,PIT,40,16,17,33,CA$667'500.00,CA$ 22247.48,,,,
CAN,Domi,Max,LW/C,ARI,59,9,29,38,CA$832'500.00,CA$ 22719.29,,,,
CAN,Danault,Phillip,LW/C,MTL,82,13,27,40,CA$875'000.00,CA$ 22812.50,,,,
USA,Rust,Bryan,RW,PIT,57,15,13,28,CA$620'000.00,CA$ 22857.14,,,,
CAN,Anderson,Josh,RW,CBJ,78,17,12,29,CA$700'000.00,CA$ 23390.79,,,,
USA,Dzingel,Ryan,LW/RW/C,OTT,81,14,18,32,CA$750'000.00,CA$ 23437.50,,,,
FIN,Rantanen,Mikko,RW,COL,75,20,18,38,CA$925'000.00,CA$ 23530.71,,,,
USA,Gostisbehere,Shayne,D,PHI,76,7,32,39,CA$925'000.00,CA$ 23717.95,,,,
USA,Skjei,Brady,D,NYR,80,5,34,39,CA$925'000.00,CA$ 23717.95,,,,
CAN,Mantha,Anthony,RW,DET,60,17,19,36,CA$832'500.00,CA$ 23981.47,,,,
CAN,Wilson,Scott,LW/C,PIT,78,8,18,26,CA$590'000.00,CA$ 24038.46,,,,
CAN,Spooner,Ryan,C/LW,BOS,78,12,28,39,CA$1'100'000.00,CA$ 24358.97,,,,
CAN,Martinook,Jordan,LW/C,ARI,77,11,14,25,CA$625'000.00,CA$ 24500.00,,,,
CAN,Parayko,Colton,D,STL,81,4,31,35,CA$925'000.00,CA$ 24535.71,,,,
USA,Dvorak,Christian,C/LW,ARI,78,15,18,33,CA$792'500.00,CA$ 25429.30,,,,
AUT,Burakovsky,Andre,LW/C,WSH,64,12,23,35,CA$832'500.00,CA$ 25547.63,,,,
CAN,Versteeg,Kris,RW/LW,CGY,69,15,22,37,CA$950'000.00,CA$ 25675.68,,,,
RUS,Zaitsev,Nikita,D,TOR,82,4,32,36,CA$925'000.00,CA$ 25694.44,,,,
CZE,Faksa,Radek,C,DAL,80,12,21,33,CA$832'500.00,CA$ 26161.61,,,,
CAN,Shore,Devin,C,DAL,82,13,20,33,CA$867'500.00,CA$ 26363.64,,,,
CHE,Andrighetto,Sven,RW,COL/MTL,46,7,17,24,CA$650'000.00,CA$ 27083.33,,,,
CAN,Byron,Paul,LW/C/RW,MTL,81,22,21,43,CA$1'300'000.00,CA$ 27131.79,,,,
CAN,Pageau,Jean-Gabriel,C,OTT,82,12,21,33,CA$1'100'000.00,CA$ 27272.73,,,,
CAN,Schultz,Justin,D,PIT,78,12,39,51,CA$1'400'000.00,CA$ 27450.98,,,,
USA,Hartman,Ryan,LW/RW,CHI,76,19,12,31,CA$832'500.00,CA$ 27849.45,,,,
FIN,Granlund,Markus,C,VAN,69,19,13,32,CA$850'000.00,CA$ 28125.00,,,,
USA,Larkin,Dylan,C/LW,DET,80,17,15,32,CA$925'000.00,CA$ 28906.25,,,,
USA,Dowd,Nic,C,L.A,70,6,16,22,CA$630'000.00,CA$ 29090.91,,,,
RUS,Provorov,Ivan,D,PHI,82,6,24,30,CA$925'000.00,CA$ 29805.57,,,,
FIN,Lehkonen,Artturi,LW,MTL,73,18,10,28,CA$667'500.00,CA$ 29970.25,,,,
CAN,Fabbri,Robby,C/LW,STL,51,11,18,29,CA$925'000.00,CA$ 30833.34,,,,
CAN,Tierney,Chris,C,S.J,80,11,12,23,CA$700'000.00,CA$ 30942.04,,,,
CAN,Pearson,Tanner,LW,L.A,80,24,20,44,CA$1'550'000.00,CA$ 31818.18,,,,
USA,Hanifin,Noah,D,CAR,81,4,25,29,CA$925'000.00,CA$ 31896.55,,,,
CAN,Konecny,Travis,C/LW,PHI,70,11,17,28,CA$925'000.00,CA$ 31934.54,,,,
CAN,Ritchie,Nick,LW,ANA,77,14,14,28,CA$925'000.00,CA$ 31934.54,,,,
CAN,Hyman,Zach,C/RW/LW,TOR,82,10,18,28,CA$900'000.00,CA$ 32142.86,,,,
USA,Cullen,Matt,C/LW,PIT,72,13,18,31,CA$1'000'000.00,CA$ 32258.06,,,,
SWE,Lindberg,Oscar,C,NYR,65,8,12,20,CA$700'000.00,CA$ 32500.00,,,,
CAN,Ferland,Micheal,LW/RW,CGY,76,15,10,25,CA$900'000.00,CA$ 33000.00,,,,
USA,Schmaltz,Nick,C/LW,CHI,61,6,22,28,CA$925'000.00,CA$ 33035.71,,,,
CAN,Chiasson,Alex,RW,CGY,81,12,12,24,CA$800'000.00,CA$ 33333.33,,,,
USA,Watson,Austin,LW,NSH,77,5,12,17,CA$575'000.00,CA$ 33823.53,,,,
CAN,Quine,Alan,C,NYI,61,5,13,18,CA$575'000.00,CA$ 34027.78,,,,
USA,Vesey,Jimmy,LW,NYR,80,16,11,27,CA$925'000.00,CA$ 34259.26,,,,
CAN,Pyatt,Tom,LW/C,OTT,82,9,14,23,CA$800'000.00,CA$ 34782.61,,,,
USA,Shore,Nick,C,L.A,70,6,11,17,CA$600'000.00,CA$ 35294.12,,,,
CAN,Bennett,Sam,C,CGY,81,13,13,26,CA$925'000.00,CA$ 35576.92,,,,
CAN,Beaulieu,Nathan,D,MTL,74,4,24,28,CA$1'000'000.00,CA$ 35714.29,,,,
USA,Labanc,Kevin,RW,S.J,55,8,12,20,CA$667'500.00,CA$ 35875.00,,,,
CAN,Moore,Dominic,C/LW,BOS,82,11,14,25,CA$900'000.00,CA$ 36000.00,,,,
CAN,Bourque,Rene,RW/LW,COL,65,12,6,18,CA$650'000.00,CA$ 36111.11,,,,
USA,Forbort,Derek,D,L.A,82,2,16,18,CA$650'000.00,CA$ 36111.11,,,,
CAN,Ritchie,Brett,RW,DAL,78,16,8,24,CA$875'000.00,CA$ 36458.33,,,,
CAN,Connolly,Brett,RW/LW,WSH,66,15,8,23,CA$850'000.00,CA$ 36956.52,,,,
CAN,Beauvillier,Anthony,C/LW,NYI,66,9,15,24,CA$925'000.00,CA$ 37256.96,,,,
CZE,Zacha,Pavel,C,N.J,70,8,16,24,CA$925'000.00,CA$ 37256.96,,,,
CAN,Cracknell,Adam,RW/C,DAL,69,10,6,16,CA$600'000.00,CA$ 37500.00,,,,
USA,Bennett,Beau,RW/LW,N.J,65,8,11,19,CA$725'000.00,CA$ 38157.89,,,,
FIN,Haula,Erik,C/LW,MIN,72,15,11,26,CA$1'050'000.00,CA$ 38461.54,,,,
CAN,Stecher,Troy,D,VAN,71,3,21,24,CA$925'000.00,CA$ 38541.67,,,,
USA,Lowry,Adam,C/LW,WPG,82,15,14,29,CA$1'000'000.00,CA$ 38793.10,,,,
DEU,Kuhnhackl,Tom,RW,PIT,57,4,12,16,CA$590'000.00,CA$ 39062.50,,,,
CAN,Sceviour,Colton,C/RW,FLA,80,9,15,24,CA$950'000.00,CA$ 39583.33,,,,
SWE,Karlsson,William,C,CBJ,81,6,19,25,CA$1'000'000.00,CA$ 40000.00,,,,
USA,Pesce,Brett,D,CAR,82,2,18,20,CA$792'500.00,CA$ 40458.35,,,,
CAN,Irwin,Matt,D,NSH,74,3,11,14,CA$575'000.00,CA$ 41071.43,,,,
GBR,Perlini,Brendan,LW,ARI,57,14,7,21,CA$925'000.00,CA$ 41111.10,,,,
AUT,Grabner,Michael,RW,NYR,76,27,13,40,CA$1'650'000.00,CA$ 41250.00,,,,
FIN,Lindell,Esa,D,DAL,73,6,12,18,CA$802'500.00,CA$ 41435.17,,,,
USA,Kero,Tanner,C/RW,CHI,47,6,10,16,CA$667'500.00,CA$ 41718.75,,,,
CAN,McKenzie,Curtis,LW,DAL,53,6,10,16,CA$700'000.00,CA$ 42187.50,,,,
USA,Zucker,Jason,LW/RW,MIN,79,22,25,47,CA$2'000'000.00,CA$ 42553.19,,,,
RUS,Nesterov,Nikita,D,MTL/T.B,48,4,13,17,CA$725'000.00,CA$ 42647.06,,,,
USA,Schaller,Tim,C,BOS,59,7,7,14,CA$600'000.00,CA$ 42857.14,,,,
CAN,Morrissey,Josh,D,WPG,82,6,14,20,CA$832'500.00,CA$ 43166.65,,,,
FIN,Granlund,Mikael,C,MIN,81,26,43,69,CA$3'200'000.00,CA$ 43478.26,,,,
USA,Vatrano,Frank,C/LW,BOS,44,10,8,18,CA$792'500.00,CA$ 44027.78,,,,
CAN,Ekblad,Aaron,D,FLA,68,10,11,21,CA$925'000.00,CA$ 44047.62,,,,
CAN,Parenteau,PA,RW,N.J/NSH,67,13,15,28,CA$1'250'000.00,CA$ 44642.86,,,,
CZE,Kase,Ondrej,RW,ANA,53,5,10,15,CA$645'000.00,CA$ 44666.67,,,,
USA,Glendening,Luke,C/RW/LW,DET,74,3,11,14,CA$675'000.00,CA$ 44880.93,,,,
USA,Jensen,Nick,D,DET,49,4,9,13,CA$600'000.00,CA$ 45192.31,,,,
SWE,Fast,Jesper,RW/LW,NYR,68,6,15,21,CA$1'000'000.00,CA$ 45238.10,,,,
DEU,Seidenberg,Dennis,D,NYI,73,5,17,22,CA$1'000'000.00,CA$ 45454.55,,,,
CZE,Sedlak,Lukas,C/LW,CBJ,62,7,6,13,CA$600'000.00,CA$ 46153.85,,,,
RUS,Buchnevich,Pavel,RW/LW,NYR,41,8,12,20,CA$925'000.00,CA$ 46250.00,,,,
USA,Chychrun,Jakob,D,ARI,68,7,13,20,CA$925'000.00,CA$ 46250.00,,,,
CHE,Niederreiter,Nino,RW,MIN,82,25,32,57,CA$3'500'000.00,CA$ 46783.63,,,,
USA,Wideman,Chris,D,OTT,76,5,12,17,CA$800'000.00,CA$ 47058.82,,,,
CAN,Hutton,Ben,D,VAN,71,5,14,19,CA$925'000.00,CA$ 47171.05,,,,
USA,Prince,Shane,LW/C,NYI,50,5,13,18,CA$800'000.00,CA$ 47222.22,,,,
USA,VandeVelde,Chris,C/LW,PHI,81,6,9,15,CA$725'000.00,CA$ 47500.00,,,,
USA,Maroon,Patrick,LW,EDM,81,27,15,42,CA$2'000'000.00,CA$ 47619.05,,,,
USA,Schmidt,Nate,D,WSH,60,3,14,17,CA$875'000.00,CA$ 47794.12,,,,
CAN,Setoguchi,Devin,RW,L.A,45,4,8,12,CA$575'000.00,CA$ 47916.67,,,,
CAN,Holden,Nick,D,NYR,80,11,23,34,CA$1'650'000.00,CA$ 48529.41,,,,
USA,Manson,Josh,D,ANA,82,5,12,17,CA$825'000.00,CA$ 48529.41,,,,
FIN,Armia,Joel,RW,WPG,57,10,9,19,CA$875'000.00,CA$ 48684.21,,,,
USA,Miller,J.T.,LW/RW/C,NYR,82,22,34,56,CA$2'750'000.00,CA$ 49107.14,,,,
USA,Carlo,Brandon,D,BOS,82,6,10,16,CA$717'500.00,CA$ 49322.94,,,,
CAN,Jooris,Josh,RW/C,ARI/NYR,54,4,8,12,CA$600'000.00,CA$ 50000.00,,,,
FIN,Korpikoski,Lauri,LW/RW,CBJ/DAL,69,8,12,20,CA$1'000'000.00,CA$ 50000.00,,,,
USA,Schroeder,Jordan,C/RW,MIN,37,6,7,13,CA$650'000.00,CA$ 50000.00,,,,
CAN,Upshall,Scottie,RW/LW,STL,73,10,8,18,CA$900'000.00,CA$ 50000.00,,,,
DNK,Bjorkstrand,Oliver,RW,CBJ,26,6,7,13,CA$600'000.00,CA$ 50448.69,,,,
CAN,McGinn,Brock,LW,CAR,57,7,9,16,CA$800'000.00,CA$ 50729.19,,,,
RUS,Kuznetsov,Evgeny,C/LW,WSH,82,19,40,59,CA$3'400'000.00,CA$ 50847.46,,,,
USA,Hinostroza,Vinnie,LW/C,CHI,49,6,8,14,CA$667'500.00,CA$ 51250.00,,,,
USA,Bonino,Nick,C,PIT,80,18,19,37,CA$2'100'000.00,CA$ 51351.35,,,,
CAN,Caggiula,Drake,LW/C,EDM,60,7,11,18,CA$925'000.00,CA$ 51388.89,,,,
CAN,Letestu,Mark,C/RW,EDM,78,16,19,35,CA$1'800'000.00,CA$ 51428.57,,,,
CAN,Duclair,Anthony,LW/RW,ARI,58,5,10,15,CA$832'500.00,CA$ 51500.00,,,,
USA,van Riemsdyk,Trevor,D,CHI,58,5,11,16,CA$750'000.00,CA$ 51562.50,,,,
CAN,Haley,Micheal,C,S.J,58,2,10,12,CA$625'000.00,CA$ 52083.33,,,,
CAN,Cousins,Nick,C/LW,PHI,60,6,10,16,CA$840'000.00,CA$ 52500.00,,,,
CHE,Baertschi,Sven,LW,VAN,68,18,17,35,CA$1'700'000.00,CA$ 52857.14,,,,
CAN,Marchand,Brad,LW/C,BOS,80,39,46,85,CA$5'000'000.00,CA$ 52941.18,,,,
CAN,Nash,Riley,C/RW,BOS,81,7,10,17,CA$900'000.00,CA$ 52941.18,,,,
USA,Hayes,Kevin,C/RW,NYR,76,17,32,49,CA$2'600'000.00,CA$ 53061.22,,,,
USA,Dumoulin,Brian,D,PIT,70,1,14,15,CA$800'000.00,CA$ 53333.33,,,,
SWE,Paajarvi,Magnus,LW,STL,32,8,5,13,CA$700'000.00,CA$ 53846.15,,,,
CAN,Staal,Eric,C,MIN,82,28,37,65,CA$3'500'000.00,CA$ 53846.15,,,,
CHE,Fiala,Kevin,LW,NSH,54,11,5,16,CA$925'000.00,CA$ 53958.31,,,,
AUT,Vanek,Thomas,LW/RW,DET/FLA,68,17,31,48,CA$2'600'000.00,CA$ 54166.67,,,,
CAN,Weal,Jordan,C/LW,PHI,23,8,4,12,CA$650'000.00,CA$ 54166.67,,,,
USA,Copp,Andrew,C,WPG,64,9,8,17,CA$925'000.00,CA$ 54411.76,,,,
FIN,Donskoi,Joonas,RW,S.J,61,6,11,17,CA$925'000.00,CA$ 54411.76,,,,
CAN,Matheson,Michael,D,FLA,81,7,10,17,CA$925'000.00,CA$ 54411.76,,,,
USA,Wood,Miles,LW,N.J,60,8,9,17,CA$925'000.00,CA$ 54411.76,,,,
USA,Clendening,Adam,D,NYR,31,2,9,11,CA$600'000.00,CA$ 54545.45,,,,
CAN,Stewart,Chris,RW/LW,MIN,79,13,8,21,CA$1'200'000.00,CA$ 54761.90,,,,
SWE,Hedman,Victor,D,T.B,79,16,56,72,CA$4'250'000.00,CA$ 55555.56,,,,
USA,Nelson,Brock,C/LW,NYI,81,20,25,45,CA$2'500'000.00,CA$ 55555.56,,,,
CAN,Dotchin,Jake,D,T.B,35,0,11,11,CA$615'000.00,CA$ 56060.64,,,,
RUS,Kucherov,Nikita,RW,T.B,74,40,45,85,CA$4'250'000.00,CA$ 56078.44,,,,
USA,Atkinson,Cam,RW,CBJ,82,35,27,62,CA$3'500'000.00,CA$ 56451.61,,,,
RUS,Grigorenko,Mikhail,C,COL,75,10,13,23,CA$1'300'000.00,CA$ 56521.74,,,,
USA,Nieto,Matt,LW/RW,COL/S.J,59,7,6,13,CA$735'000.00,CA$ 56538.46,,,,
USA,Coyle,Charlie,C/RW,MIN,82,18,38,56,CA$2'600'000.00,CA$ 57142.86,,,,
USA,Ruhwedel,Chad,D,PIT,34,2,8,10,CA$575'000.00,CA$ 57500.00,,,,
CAN,Barberio,Mark,D,COL/MTL,60,2,11,13,CA$800'000.00,CA$ 57692.31,,,,
CAN,Petan,Nic,LW/C,WPG,54,1,12,13,CA$750'000.00,CA$ 58333.31,,,,
CAN,Beagle,Jay,C/RW,WSH,81,13,17,30,CA$1'750'000.00,CA$ 58333.33,,,,
CAN,Bailey,Josh,RW/LW/C,NYI,82,13,43,56,CA$3'700'000.00,CA$ 58928.57,,,,
CAN,Smith,Zack,C,OTT,74,16,16,32,CA$2'350'000.00,CA$ 58984.38,,,,
FRA,Ouellet,Xavier,D,DET,66,3,9,12,CA$715'000.00,CA$ 59583.33,,,,
SVK,Tatar,Tomas,LW/C/RW,DET,82,25,21,46,CA$2'750'000.00,CA$ 59782.61,,,,
SWE,Lindholm,Elias,C/RW,CAR,72,11,34,45,CA$2'500'000.00,CA$ 60000.00,,,,
USA,Noesen,Stefan,RW,ANA/N.J,44,8,2,10,CA$600'000.00,CA$ 60000.00,,,,
CAN,Pirri,Brandon,RW/LW/C,NYR,60,8,10,18,CA$1'100'000.00,CA$ 61111.11,,,,
CAN,Leivo,Josh,LW,TOR,13,2,8,10,CA$575'000.00,CA$ 61250.00,,,,
USA,Deangelo,Anthony,D,ARI,39,5,9,14,CA$925'000.00,CA$ 61666.64,,,,
CAN,Benning,Matthew,D,EDM,62,3,12,15,CA$925'000.00,CA$ 61666.67,,,,
RUS,Barbashev,Ivan,C,STL,30,5,7,12,CA$742'500.00,CA$ 61805.58,,,,
CAN,Kassian,Zack,RW,EDM,79,7,17,24,CA$1'500'000.00,CA$ 62500.00,,,,
CAN,Sissons,Colton,C,NSH,58,8,2,10,CA$575'000.00,CA$ 62500.00,,,,
USA,Stempniak,Lee,RW,CAR,82,16,24,40,CA$2'500'000.00,CA$ 62500.00,,,,
CAN,Vermette,Antoine,C/LW,ANA,72,9,19,28,CA$1'750'000.00,CA$ 62500.00,,,,
CAN,White,Ryan,C,ARI/MIN,65,9,7,16,CA$1'000'000.00,CA$ 62500.00,,,,
USA,Czarnik,Austin,C,BOS,49,5,8,13,CA$842'500.00,CA$ 62884.62,,,,
USA,Hunwick,Matt,D,TOR,72,1,18,19,CA$1'200'000.00,CA$ 63157.89,,,,
CAN,Brodziak,Kyle,C,STL,69,8,7,15,CA$1'000'000.00,CA$ 63333.33,,,,
CAN,Postma,Paul,D,WPG,65,1,13,14,CA$925'000.00,CA$ 63392.86,,,,
SWE,Claesson,Fredrik,D,OTT,33,3,8,11,CA$700'000.00,CA$ 63636.36,,,,
USA,Galchenyuk,Alex,C/LW,MTL,61,17,27,44,CA$3'100'000.00,CA$ 63636.36,,,,
CAN,Turris,Kyle,C,OTT,78,27,28,55,CA$4'000'000.00,CA$ 63636.36,,,,
CZE,Palat,Ondrej,LW,T.B,75,17,35,52,CA$4'000'000.00,CA$ 64102.56,,,,
SWE,Jarnkrok,Calle,C,NSH,81,15,16,31,CA$1'700'000.00,CA$ 64516.13,,,,
CAN,Benn,Jordie,D,DAL/MTL,71,4,13,17,CA$1'100'000.00,CA$ 64705.88,,,,
CAN,Stone,Mark,RW,OTT,71,22,32,54,CA$3'750'000.00,CA$ 64814.81,,,,
DEU,Rieder,Tobias,RW/C,ARI,80,16,18,34,CA$2'000'000.00,CA$ 65441.18,,,,
CAN,Johansen,Ryan,C/RW,NSH,82,14,47,61,CA$6'000'000.00,CA$ 65573.77,,,,
CAN,Ellis,Ryan,D,NSH,71,16,22,38,CA$2'500'000.00,CA$ 65789.47,,,,
USA,Pitlick,Tyler,RW/C,EDM,31,8,3,11,CA$725'000.00,CA$ 65909.09,,,,
CAN,Shaw,Logan,C/RW,ANA,55,3,7,10,CA$660'000.00,CA$ 66000.00,,,,
CAN,Pysyk,Mark,D,FLA,82,4,13,17,CA$1'250'000.00,CA$ 66176.47,,,,
CAN,Chaput,Michael,C,VAN,68,4,5,9,CA$600'000.00,CA$ 66666.67,,,,
CAN,Perreault,Mathieu,C/LW,WPG,65,13,32,45,CA$3'000'000.00,CA$ 66666.67,,,,
CAN,Sgarbossa,Michael,C,ANA/FLA,38,2,7,9,CA$600'000.00,CA$ 66666.67,,,,
CAN,Wiercioch,Patrick,D,COL,57,4,8,12,CA$800'000.00,CA$ 66666.67,,,,
USA,Pacioretty,Max,LW,MTL,81,35,32,67,CA$5'000'000.00,CA$ 67164.18,,,,
SWE,Backlund,Mikael,C,CGY,81,22,31,53,CA$3'575'000.00,CA$ 67452.83,,,,
CAN,Williams,Justin,RW,WSH,80,24,24,48,CA$3'250'000.00,CA$ 67708.33,,,,
CAN,Chimera,Jason,LW/RW,NYI,82,20,13,33,CA$2'000'000.00,CA$ 68181.82,,,,
USA,van Riemsdyk,James,LW,TOR,82,29,33,62,CA$5'000'000.00,CA$ 68548.39,,,,
CHE,Malgin,Denis,C,FLA,47,6,4,10,CA$640'000.00,CA$ 69000.00,,,,
RUS,Namestnikov,Vladislav,C/LW,T.B,74,10,18,28,CA$1'900'000.00,CA$ 69196.43,,,,
CAN,Graovac,Tyler,C,MIN,52,7,2,9,CA$600'000.00,CA$ 69444.44,,,,
USA,Mayfield,Scott,D,NYI,25,2,7,9,CA$575'000.00,CA$ 69444.44,,,,
CAN,Edmundson,Joel,D,STL,69,3,12,15,CA$900'000.00,CA$ 70000.00,,,,
CAN,Mitchell,Torrey,C/RW,MTL,78,8,9,17,CA$1'300'000.00,CA$ 70588.24,,,,
CAN,Chiarot,Ben,D,WPG,59,2,10,12,CA$850'000.00,CA$ 70833.33,,,,
SWE,Zibanejad,Mika,C/RW,NYR,56,14,23,37,CA$3'250'000.00,CA$ 70945.95,,,,
USA,Boucher,Reid,C/LW,N.J/NSH/VAN,39,6,4,10,CA$715'000.00,CA$ 71500.00,,,,
LVA,Girgensons,Zemgus,C/LW,BUF,75,7,9,16,CA$1'150'000.00,CA$ 71875.00,,,,
CAN,Gourde,Yanni,C,T.B,20,6,2,8,CA$575'000.00,CA$ 71875.00,,,,
SWE,Rasmussen,Dennis,C,CHI,68,4,4,8,CA$575'000.00,CA$ 71875.00,,,,
CHE,Weber,Yannick,D,NSH,73,1,7,8,CA$575'000.00,CA$ 71875.00,,,,
CAN,Blandisi,Joseph,LW/C,N.J,27,3,6,9,CA$715'000.00,CA$ 72037.00,,,,
USA,Lee,Anders,LW/C,NYI,81,34,18,52,CA$3'500'000.00,CA$ 72115.38,,,,
CAN,Cramarossa,Joseph,C/LW,ANA/VAN,59,4,6,10,CA$724'500.00,CA$ 72450.00,,,,
USA,Johns,Stephen,D,DAL,61,4,6,10,CA$650'000.00,CA$ 72500.00,,,,
CAN,Simmonds,Wayne,RW/LW,PHI,82,31,23,54,CA$4'300'000.00,CA$ 73611.11,,,,
CAN,Kadri,Nazem,C,TOR,82,32,29,61,CA$5'000'000.00,CA$ 73770.49,,,,
USA,Johnson,Tyler,C,T.B,66,19,26,45,CA$4'000'000.00,CA$ 74074.07,,,,
FRA,Roussel,Antoine,LW,DAL,60,12,15,27,CA$2'200'000.00,CA$ 74074.07,,,,
CAN,Crouse,Lawson,LW,ARI,72,5,7,12,CA$925'000.00,CA$ 74513.92,,,,
USA,Oshie,T.J.,RW/C,WSH,68,33,23,56,CA$4'500'000.00,CA$ 74553.57,,,,
CAN,Scheifele,Mark,C,WPG,79,32,50,82,CA$5'000'000.00,CA$ 74695.12,,,,
CAN,Dumba,Matt,D,MIN,76,11,23,34,CA$2'350'000.00,CA$ 75000.00,,,,
SWE,Karlsson,Melker,C/RW,S.J,67,11,11,22,CA$1'850'000.00,CA$ 75000.00,,,,
CAN,Kelly,Chris,C/LW,OTT,82,5,7,12,CA$900'000.00,CA$ 75000.00,,,,
USA,Megna,Jayson,C,VAN,58,4,4,8,CA$600'000.00,CA$ 75000.00,,,,
CAN,Petrovic,Alex,D,FLA,49,1,13,14,CA$1'200'000.00,CA$ 75000.00,,,,
SWE,Rakell,Rickard,C/RW,ANA,71,33,18,51,CA$3'800'000.00,CA$ 75562.20,,,,
USA,Wheeler,Blake,RW,WPG,82,26,48,74,CA$5'800'000.00,CA$ 75675.68,,,,
USA,Moore,John,D,N.J,63,12,10,22,CA$1'750'000.00,CA$ 75757.59,,,,
CAN,Burns,Brent,D/RW,S.J,82,29,47,76,CA$5'760'000.00,CA$ 75789.47,,,,
USA,Shattenkirk,Kevin,D,STL/WSH,80,13,43,56,CA$5'200'000.00,CA$ 75892.86,,,,
CAN,Benn,Jamie,LW,DAL,77,26,43,69,CA$5'750'000.00,CA$ 76086.96,,,,
NOR,Zuccarello,Mats,RW/C/LW,NYR,80,15,44,59,CA$4'500'000.00,CA$ 76271.19,,,,
CAN,Bozak,Tyler,C,TOR,78,18,37,55,CA$4'500'000.00,CA$ 76363.64,,,,
SWE,Silfverberg,Jakob,RW/LW,ANA,79,23,26,49,CA$3'000'000.00,CA$ 76530.61,,,,
CAN,Miller,Colin,D,BOS,61,6,7,13,CA$900'000.00,CA$ 76923.08,,,,
USA,Skille,Jack,RW,VAN,55,5,4,9,CA$700'000.00,CA$ 77777.78,,,,
RUS,Orlov,Dmitry,D,WSH,82,6,27,33,CA$2'570'000.00,CA$ 77878.79,,,,
SWE,Backstrom,Nicklas,C,WSH,82,23,63,86,CA$7'000'000.00,CA$ 77906.98,,,,
CAN,Nurse,Darnell,D,EDM,44,5,6,11,CA$832'500.00,CA$ 78484.82,,,,
CAN,de Haan,Calvin,D,NYI,82,5,20,25,CA$2'900'000.00,CA$ 78666.68,,,,
SWE,Johansson,Marcus,LW/C/RW,WSH,82,24,34,58,CA$4'250'000.00,CA$ 79022.98,,,,
CZE,Hanzal,Martin,C,ARI/MIN,71,20,19,39,CA$3'500'000.00,CA$ 79487.18,,,,
CAN,Seguin,Tyler,C/RW,DAL,82,26,46,72,CA$6'000'000.00,CA$ 79861.11,,,,
CAN,Carter,Jeff,C/RW,L.A,82,32,34,66,CA$7'000'000.00,CA$ 79889.80,,,,
USA,Boyle,Brian,C/LW,T.B/TOR,75,13,12,25,CA$2'000'000.00,CA$ 80000.00,,,,
USA,McCabe,Jake,D,BUF,76,3,17,20,CA$1'250'000.00,CA$ 80000.00,,,,
CAN,Carr,Daniel,LW,MTL,33,2,7,9,CA$725'000.00,CA$ 80555.56,,,,
USA,Cole,Ian,D,PIT,81,5,21,26,CA$2'300'000.00,CA$ 80769.23,,,,
CAN,Demelo,Dylan,D,S.J,25,1,7,8,CA$600'000.00,CA$ 81250.00,,,,
CAN,Falk,Justin,D,BUF,52,0,8,8,CA$650'000.00,CA$ 81250.00,,,,
CAN,MacKenzie,Derek,C/LW,FLA,82,6,10,16,CA$1'300'000.00,CA$ 81250.00,,,,
CAN,Manning,Brandon,D,PHI,65,3,9,12,CA$950'000.00,CA$ 81250.00,,,,
CAN,Paquette,Cedric,C/LW,T.B,58,4,6,10,CA$800'000.00,CA$ 81250.00,,,,
CAN,Perron,David,LW/RW,STL,82,18,28,46,CA$3'750'000.00,CA$ 81521.74,,,,
CHE,Josi,Roman,D,NSH,72,12,37,49,CA$4'250'000.00,CA$ 81632.65,,,,
RUS,Soshnikov,Nikita,RW,TOR,56,5,4,9,CA$742'500.00,CA$ 81851.89,,,,
USA,Lewis,Trevor,C/RW/LW,L.A,82,12,12,24,CA$2'000'000.00,CA$ 83333.33,,,,
CAN,Quincey,Kyle,D,CBJ/N.J,73,6,9,15,CA$1'250'000.00,CA$ 83333.33,,,,
CAN,Strome,Ryan,RW/C,NYI,69,13,17,30,CA$2'000'000.00,CA$ 83333.33,,,,
CAN,Tavares,John,C,NYI,77,28,38,66,CA$6'000'000.00,CA$ 83333.33,,,,
AUT,Dano,Marko,C/LW/RW,WPG,38,4,7,11,CA$925'000.00,CA$ 84090.91,,,,
CAN,Hoffman,Mike,LW/C,OTT,74,26,35,61,CA$3'800'000.00,CA$ 85040.98,,,,
CAN,Jenner,Boone,C/LW,CBJ,82,18,16,34,CA$2'900'000.00,CA$ 85294.12,,,,
CAN,Pelech,Adam,D,NYI,44,3,7,10,CA$925'000.00,CA$ 85433.30,,,,
CAN,Cogliano,Andrew,LW/C/RW,ANA,82,16,19,35,CA$3'100'000.00,CA$ 85714.29,,,,
CAN,Fedun,Taylor,D,BUF,27,0,7,7,CA$600'000.00,CA$ 85714.29,,,,
CAN,Carrier,William,LW,BUF,41,5,3,8,CA$650'000.00,CA$ 86145.88,,,,
CAN,Ho-Sang,Joshua,RW/C,NYI,21,4,6,10,CA$925'000.00,CA$ 86333.30,,,,
SWE,Larsson,Johan,C/LW,BUF,36,6,5,11,CA$950'000.00,CA$ 86363.64,,,,
CAN,Reaves,Ryan,RW,STL,80,7,6,13,CA$1'125'000.00,CA$ 86538.46,,,,
SWE,Klingberg,John,D,DAL,80,13,36,49,CA$2'750'000.00,CA$ 86734.69,,,,
CZE,Jagr,Jaromir,RW,FLA,82,16,30,46,CA$4'000'000.00,CA$ 86956.52,,,,
USA,Kreider,Chris,LW/C,NYR,75,28,25,53,CA$5'000'000.00,CA$ 87264.15,,,,
USA,Bitetto,Anthony,D,NSH,29,0,7,7,CA$575'000.00,CA$ 87500.00,,,,
CAN,Rowney,Carter,RW/C,PIT,27,3,4,7,CA$575'000.00,CA$ 87500.00,,,,
USA,Palmieri,Kyle,RW/C/LW,N.J,80,26,27,53,CA$4'500'000.00,CA$ 87735.85,,,,
USA,Trocheck,Vincent,C/RW,FLA,82,23,31,54,CA$3'750'000.00,CA$ 87962.96,,,,
CAN,Campbell,Brian,D,CHI,80,5,12,17,CA$1'500'000.00,CA$ 88235.29,,,,
USA,Pavelski,Joe,C/RW,S.J,81,29,39,68,CA$6'000'000.00,CA$ 88235.29,,,,
USA,Pateryn,Greg,D,DAL/MTL,36,1,8,9,CA$750'000.00,CA$ 88888.89,,,,
SWE,Rask,Victor,C,CAR,82,16,29,45,CA$4'000'000.00,CA$ 88888.89,,,,
FRA,Bellemare,Pierre-Edouard,LW/C,PHI,82,4,4,8,CA$725'000.00,CA$ 89062.50,,,,
USA,Prosser,Nate,D,MIN,39,2,5,7,CA$650'000.00,CA$ 89285.71,,,,
CAN,Sproul,Ryan,D,DET,27,1,6,7,CA$600'000.00,CA$ 89285.71,,,,
RUS,Zadorov,Nikita,D,COL,56,0,10,10,CA$832'500.00,CA$ 89416.70,,,,
SWE,Zetterberg,Henrik,LW/C,DET,82,17,51,68,CA$7'500'000.00,CA$ 89460.78,,,,
CAN,Winnik,Daniel,LW/C,WSH,72,12,13,25,CA$1'800'000.00,CA$ 90000.00,,,,
SWE,Folin,Christian,D,MIN,51,2,6,8,CA$850'000.00,CA$ 90625.00,,,,
CAN,Skinner,Jeff,LW/C/RW,CAR,79,37,26,63,CA$6'000'000.00,CA$ 90873.02,,,,
RUS,Jaskin,Dmitrij,RW/LW,STL,51,1,10,11,CA$1'000'000.00,CA$ 90909.09,,,,
USA,Wagner,Chris,C/RW,ANA,43,6,1,7,CA$625'000.00,CA$ 91071.43,,,,
NOR,Martinsen,Andreas,LW/C,COL/MTL,64,3,4,7,CA$640'000.00,CA$ 91428.57,,,,
SWE,Karlsson,Erik,D,OTT,77,17,54,71,CA$7'000'000.00,CA$ 91549.30,,,,
EST,Komarov,Leo,C/LW,TOR,82,14,18,32,CA$2'950'000.00,CA$ 92187.50,,,,
RUS,Slepyshev,Anton,LW,EDM,41,4,6,10,CA$925'000.00,CA$ 92500.00,,,,
CAN,Smith,Reilly,RW/C/LW,FLA,80,15,22,37,CA$3'500'000.00,CA$ 92567.57,,,,
CAN,Schenn,Brayden,C/LW,PHI,79,25,30,55,CA$6'000'000.00,CA$ 93181.82,,,,
USA,Carrick,Connor,D,TOR,67,2,6,8,CA$650'000.00,CA$ 93750.00,,,,
SWE,Stalberg,Viktor,LW/RW,CAR/OTT,75,11,5,16,CA$1'500'000.00,CA$ 93750.00,,,,
USA,Gardiner,Jake,D,TOR,82,9,34,43,CA$4'050'000.00,CA$ 94186.05,,,,
USA,Flynn,Brian,C/RW,MTL,51,6,4,10,CA$950'000.00,CA$ 95000.00,,,,
USA,Gravel,Kevin,D,L.A,49,1,6,7,CA$667'500.00,CA$ 95357.14,,,,
CAN,Toffoli,Tyler,C/RW/LW,L.A,63,16,18,34,CA$3'900'000.00,CA$ 95588.24,,,,
USA,Gionta,Stephen,RW/C,NYI,26,1,5,6,CA$575'000.00,CA$ 95833.33,,,,
CAN,Theodore,Shea,D,ANA,34,2,7,9,CA$832'500.00,CA$ 95925.89,,,,
SWE,Hornqvist,Patric,RW,PIT,70,21,23,44,CA$4'750'000.00,CA$ 96590.91,,,,
RUS,Burmistrov,Alex,C/RW,ARI/WPG,49,5,11,16,CA$1'600'000.00,CA$ 96875.00,,,,
CAN,Schwartz,Jaden,LW/C,STL,78,19,36,55,CA$5'250'000.00,CA$ 97272.73,,,,
CZE,Frolik,Michael,RW/C,CGY,82,17,27,44,CA$5'000'000.00,CA$ 97727.27,,,,
CAN,Crosby,Sidney,C,PIT,75,44,45,89,CA$10'900'000.00,CA$ 97752.81,,,,
USA,Foligno,Marcus,LW,BUF,80,13,10,23,CA$2'250'000.00,CA$ 97826.09,,,,
SWE,Nyquist,Gustav,RW/C/LW,DET,76,12,36,48,CA$4'250'000.00,CA$ 98958.33,,,,
CAN,Henrique,Adam,C,N.J,82,20,20,40,CA$4'500'000.00,CA$ 100000.00,,,,
DEU,Holzer,Korbinian,D,ANA,32,2,5,7,CA$700'000.00,CA$ 100000.00,,,,
CAN,Hunt,Brad,D,NSH/STL,12,1,5,6,CA$600'000.00,CA$ 100000.00,,,,
CAN,Little,Bryan,C/RW,WPG,59,21,26,47,CA$5'000'000.00,CA$ 100000.00,,,,
CAN,McKegg,Greg,C,FLA/T.B,46,3,4,7,CA$700'000.00,CA$ 100000.00,,,,
CAN,Puempel,Matt,LW,NYR/OTT,40,6,3,9,CA$900'000.00,CA$ 100000.00,,,,
RUS,Tarasenko,Vladimir,RW,STL,82,39,36,75,CA$8'000'000.00,CA$ 100000.00,,,,
USA,Trouba,Jacob,D,WPG,60,8,25,33,CA$2'500'000.00,CA$ 100267.39,,,,
RUS,Anisimov,Artem,C/LW,CHI,64,22,23,45,CA$5'750'000.00,CA$ 101111.11,,,,
CAN,Fowler,Cam,D,ANA,80,11,28,39,CA$4'000'000.00,CA$ 102564.10,,,,
USA,Martinez,Alec,D,L.A,82,9,30,39,CA$3'900'000.00,CA$ 102564.10,,,,
RUS,Tryamkin,Nikita,D,VAN,66,2,7,9,CA$925'000.00,CA$ 102777.78,,,,
USA,Krug,Torey,D,BOS,81,8,43,51,CA$5'000'000.00,CA$ 102941.18,,,,
SWE,Forsberg,Filip,LW/C/RW,NSH,82,31,27,58,CA$6'000'000.00,CA$ 103448.28,,,,
CZE,Sustr,Andrej,D,T.B,80,3,11,14,CA$1'600'000.00,CA$ 103571.43,,,,
CAN,Keith,Duncan,D,CHI,80,6,47,53,CA$6'000'000.00,CA$ 104499.28,,,,
CAN,Fisher,Mike,C,NSH,72,18,24,42,CA$4'000'000.00,CA$ 104761.90,,,,
CAN,Wilson,Tom,RW,WSH,82,7,12,19,CA$1'750'000.00,CA$ 105263.16,,,,
SWE,Nordstrom,Joakim,LW/C,CAR,82,7,5,12,CA$1'250'000.00,CA$ 106250.00,,,,
CAN,Elie,Remi,LW,DAL,18,1,6,7,CA$767'500.00,CA$ 106428.57,,,,
RUS,Radulov,Alex,RW,MTL,76,18,36,54,CA$5'750'000.00,CA$ 106481.48,,,,
USA,Carlson,John,D,WSH,72,9,28,37,CA$4'000'000.00,CA$ 107207.22,,,,
CAN,Smith,Gemel,C,DAL,17,3,3,6,CA$670'000.00,CA$ 107500.00,,,,
USA,Foligno,Nick,LW/RW,CBJ,79,26,25,51,CA$5'500'000.00,CA$ 107843.14,,,,
CAN,Holland,Peter,C,ARI/TOR,48,5,7,12,CA$1'300'000.00,CA$ 108333.33,,,,
SWE,Berglund,Patrik,C/LW,STL,82,23,11,34,CA$3'700'000.00,CA$ 108823.53,,,,
USA,Sanford,Zach,LW,STL/WSH,39,4,4,8,CA$875'000.00,CA$ 109375.00,,,,
SWE,Klefbom,Oscar,D,EDM,82,12,26,38,CA$3'000'000.00,CA$ 109657.89,,,,
CAN,Monahan,Sean,C,CGY,82,27,31,58,CA$6'500'000.00,CA$ 109913.79,,,,
CAN,Hickey,Thomas,D,NYI,76,4,16,20,CA$2'250'000.00,CA$ 110000.00,,,,
SWE,Josefson,Jacob,C/LW,N.J,38,1,9,10,CA$1'100'000.00,CA$ 110000.00,,,,
USA,Gaudreau,Johnny,LW,CGY,72,18,43,61,CA$6'750'000.00,CA$ 110655.74,,,,
USA,McDonagh,Ryan,D,NYR,77,6,36,42,CA$5'000'000.00,CA$ 111904.76,,,,
USA,Tennyson,Matt,D,CAR,45,0,6,6,CA$675'000.00,CA$ 112500.00,,,,
USA,Wilson,Colin,LW/C,NSH,70,12,23,35,CA$4'000'000.00,CA$ 112500.00,,,,
CAN,Ward,Joel,RW/C,S.J,78,10,19,29,CA$3'275'000.00,CA$ 112931.03,,,,
CAN,Getzlaf,Ryan,C,ANA,74,15,58,73,CA$9'250'000.00,CA$ 113013.70,,,,
CAN,Hall,Taylor,LW/C,N.J,72,20,33,53,CA$6'000'000.00,CA$ 113207.55,,,,
USA,Saad,Brandon,LW/RW,CBJ,82,24,29,53,CA$5'750'000.00,CA$ 113207.55,,,,
FIN,Barkov,Aleksander,C,FLA,61,21,31,52,CA$4'500'000.00,CA$ 113461.54,,,,
CAN,Steen,Alex,LW/C,STL,76,16,35,51,CA$6'500'000.00,CA$ 113725.49,,,,
USA,Kessel,Phil,RW/C,PIT,82,23,47,70,CA$9'000'000.00,CA$ 114285.71,,,,
CAN,Ott,Steve,C/LW,DET/MTL,53,3,4,7,CA$800'000.00,CA$ 114285.71,,,,
CAN,Hamilton,Dougie,D,CGY,81,13,37,50,CA$5'500'000.00,CA$ 115000.00,,,,
CAN,Couture,Logan,C/LW,S.J,73,25,27,52,CA$6'000'000.00,CA$ 115384.62,,,,
USA,Ladue,Paul,D,L.A,22,0,8,8,CA$925'000.00,CA$ 115625.00,,,,
SWE,Puljujarvi,Jesse,RW,EDM,28,1,7,8,CA$925'000.00,CA$ 115625.00,,,,
FIN,Koivu,Mikko,C,MIN,80,18,40,58,CA$5'400'000.00,CA$ 116379.31,,,,
CAN,Schlemko,David,D,S.J,62,2,16,18,CA$2'500'000.00,CA$ 116666.67,,,,
CAN,Di Giuseppe,Phillip,LW,CAR,36,1,6,7,CA$867'500.00,CA$ 116785.71,,,,
FIN,Nutivaara,Markus,D,CBJ,66,2,5,7,CA$792'500.00,CA$ 116785.71,,,,
SVK,Hossa,Marian,RW,CHI,73,26,19,45,CA$4'000'000.00,CA$ 117222.22,,,,
CAN,Eberle,Jordan,RW/C,EDM,82,20,31,51,CA$6'000'000.00,CA$ 117647.06,,,,
USA,Kane,Patrick,RW/C,CHI,82,34,55,89,CA$13'800'000.00,CA$ 117977.53,,,,
USA,Stepan,Derek,C,NYR,81,17,38,55,CA$8'000'000.00,CA$ 118181.82,,,,
USA,Kesler,Ryan,C/RW,ANA,82,22,36,58,CA$7'875'000.00,CA$ 118534.48,,,,
CAN,Nolan,Jordan,C/LW/RW,L.A,46,4,4,8,CA$1'000'000.00,CA$ 118750.00,,,,
CAN,MacKinnon,Nathan,C/RW,COL,82,16,37,53,CA$5'000'000.00,CA$ 118867.92,,,,
FIN,Filppula,Valtteri,C/LW,PHI/T.B,79,12,30,42,CA$5'000'000.00,CA$ 119047.62,,,,
CAN,Pominville,Jason,RW,MIN,78,13,34,47,CA$6'250'000.00,CA$ 119148.94,,,,
USA,Leddy,Nick,D,NYI,81,11,35,46,CA$4'500'000.00,CA$ 119565.22,,,,
CAN,Comeau,Blake,LW/RW,COL,77,8,12,20,CA$2'400'000.00,CA$ 120000.00,,,,
CAN,Lucic,Milan,LW,EDM,82,23,27,50,CA$8'000'000.00,CA$ 120000.00,,,,
FIN,Ristolainen,Rasmus,D,BUF,79,6,39,45,CA$5'400'000.00,CA$ 120000.00,,,,
USA,Lappin,Nick,RW,N.J,43,4,3,7,CA$842'500.00,CA$ 120357.14,,,,
USA,Gionta,Brian,RW,BUF,82,15,20,35,CA$3'250'000.00,CA$ 121428.57,,,,
CAN,King,Dwight,LW/RW,L.A/MTL,80,9,7,16,CA$2'100'000.00,CA$ 121875.00,,,,
CAN,Neal,James,RW/LW,NSH,70,23,18,41,CA$5'000'000.00,CA$ 121951.22,,,,
CAN,Kane,Evander,LW,BUF,70,28,15,43,CA$6'000'000.00,CA$ 122093.02,,,,
USA,Redmond,Zach,D,MTL,16,0,5,5,CA$575'000.00,CA$ 122500.00,,,,
CAN,Killorn,Alex,LW/C,T.B,81,19,17,36,CA$4'450'000.00,CA$ 123611.11,,,,
SWE,Dahlbeck,Klas,D,CAR,43,2,4,6,CA$750'000.00,CA$ 125000.00,,,,
CAN,Griffith,Seth,C/RW,FLA/TOR,24,0,5,5,CA$625'000.00,CA$ 125000.00,,,,
DNK,Hansen,Jannik,RW,S.J/VAN,43,8,12,20,CA$3'000'000.00,CA$ 125000.00,,,,
CAN,Huberdeau,Jonathan,LW/C,FLA,31,10,16,26,CA$4'000'000.00,CA$ 125000.00,,,,
USA,Couturier,Sean,C,PHI,66,14,20,34,CA$3'750'000.00,CA$ 127450.97,,,,
SWE,Eriksson Ek,Joel,C/RW/LW,MIN,15,3,4,7,CA$925'000.00,CA$ 127738.14,,,,
CAN,McCann,Jared,C,FLA,29,1,6,7,CA$925'000.00,CA$ 127738.14,,,,
CAN,Zajac,Travis,C,N.J,80,14,31,45,CA$6'500'000.00,CA$ 127777.78,,,,
DNK,Nielsen,Frans,C,DET,79,17,24,41,CA$6'000'000.00,CA$ 128048.78,,,,
CAN,Brassard,Derick,C,OTT,81,14,25,39,CA$5'000'000.00,CA$ 128205.13,,,,
CAN,Hartnell,Scott,LW,CBJ,78,13,24,37,CA$5'000'000.00,CA$ 128378.38,,,,
USA,Jones,Seth,D,CBJ,75,12,30,42,CA$5'400'000.00,CA$ 128571.43,,,,
USA,Sutter,Brandon,C,VAN,81,17,17,34,CA$4'250'000.00,CA$ 128676.47,,,,
CAN,Brodie,T.J.,D,CGY,82,6,30,36,CA$4'838'000.00,CA$ 129177.78,,,,
CAN,Gallagher,Brendan,RW,MTL,64,10,19,29,CA$4'500'000.00,CA$ 129310.34,,,,
CAN,Bergeron,Patrice,C,BOS,79,21,32,53,CA$8'750'000.00,CA$ 129716.98,,,,
USA,Faulk,Justin,D,CAR,75,17,20,37,CA$5'500'000.00,CA$ 130630.62,,,,
CAN,Oleksiak,Jamie,D,DAL,41,5,2,7,CA$918'750.00,CA$ 131250.00,,,,
RUS,Malkin,Evgeni,C/RW,PIT,62,33,39,72,CA$9'500'000.00,CA$ 131944.44,,,,
USA,Motte,Tyler,LW/C,CHI,33,4,3,7,CA$925'000.00,CA$ 132142.86,,,,
USA,Santini,Steven,D,N.J,38,2,5,7,CA$925'000.00,CA$ 132142.86,,,,
CAN,Kunitz,Chris,LW,PIT,71,9,20,29,CA$3'550'000.00,CA$ 132758.62,,,,
CAN,Clifford,Kyle,LW/C,L.A,73,6,6,12,CA$1'250'000.00,CA$ 133333.33,,,,
USA,Okposo,Kyle,RW,BUF,65,19,26,45,CA$8'000'000.00,CA$ 133333.33,,,,
CAN,Staal,Jordan,C/LW,CAR,75,16,29,45,CA$6'000'000.00,CA$ 133333.33,,,,
CAN,Cizikas,Casey,C,NYI,59,8,17,25,CA$2'500'000.00,CA$ 134000.00,,,,
CZE,Krejci,David,C,BOS,82,23,31,54,CA$7'250'000.00,CA$ 134259.26,,,,
CAN,Shaw,Andrew,C/LW/RW,MTL,68,12,17,29,CA$5'500'000.00,CA$ 134482.76,,,,
CAN,Thornton,Joe,C,S.J,79,7,43,50,CA$6'750'000.00,CA$ 135000.00,,,,
CZE,Voracek,Jakub,RW,PHI,82,20,41,61,CA$10'000'000.00,CA$ 135245.90,,,,
CAN,Pietrangelo,Alex,D,STL,80,14,34,48,CA$7'000'000.00,CA$ 135416.67,,,,
CAN,Stajan,Matt,C,CGY,81,6,17,23,CA$3'000'000.00,CA$ 135869.57,,,,
CZE,Hertl,Tomas,C/RW,S.J,49,10,12,22,CA$2'800'000.00,CA$ 136363.64,,,,
CAN,O'Reilly,Ryan,C/LW/RW,BUF,72,20,35,55,CA$11'000'000.00,CA$ 136363.64,,,,
CAN,Spurgeon,Jared,D,MIN,76,10,28,38,CA$4'250'000.00,CA$ 136513.16,,,,
CAN,Clutterbuck,Cal,RW,NYI,66,5,15,20,CA$3'500'000.00,CA$ 137500.00,,,,
USA,Hathaway,Garnet,RW,CGY,26,1,4,5,CA$722'500.00,CA$ 138000.00,,,,
RUS,Ovechkin,Alex,LW/RW,WSH,82,33,36,69,CA$10'000'000.00,CA$ 138238.58,,,,
CAN,Nugent-Hopkins,Ryan,C,EDM,82,18,25,43,CA$6'000'000.00,CA$ 139534.88,,,,
DNK,Eller,Lars,C/LW/RW,WSH,81,12,13,25,CA$4'250'000.00,CA$ 140000.00,,,,
CAN,Ribeiro,Mike,C,NSH,46,4,21,25,CA$3'500'000.00,CA$ 140000.00,,,,
SWE,Sedin,Henrik,C,VAN,82,15,35,50,CA$7'000'000.00,CA$ 140000.00,,,,
CAN,Rodrigues,Evan,LW/C,BUF,30,4,2,6,CA$842'500.00,CA$ 140416.67,,,,
SWE,Ekman-Larsson,Oliver,D,ARI,79,12,27,39,CA$6'000'000.00,CA$ 141025.64,,,,
CAN,Giroux,Claude,C/RW,PHI,82,14,44,58,CA$9'000'000.00,CA$ 142672.41,,,,
USA,Dubinsky,Brandon,C/LW,CBJ,80,12,29,41,CA$5'850'000.00,CA$ 142682.93,,,,
FIN,Jokinen,Jussi,LW/RW/C,FLA,69,11,17,28,CA$4'000'000.00,CA$ 142857.14,,,,
CAN,Muzzin,Jake,D,L.A,82,9,19,28,CA$4'000'000.00,CA$ 142857.14,,,,
CAN,Doan,Shane,RW/LW,ARI,74,6,21,27,CA$3'876'134.00,CA$ 143560.52,,,,
CAN,Conacher,Cory,C/LW,T.B,11,1,3,4,CA$575'000.00,CA$ 143750.00,,,,
CAN,Dumont,Gabriel,C,T.B,39,2,2,4,CA$575'000.00,CA$ 143750.00,,,,
CAN,Gaunce,Cameron,D,PIT,12,1,3,4,CA$575'000.00,CA$ 143750.00,,,,
USA,Witkowski,Luke,D,T.B,34,0,4,4,CA$575'000.00,CA$ 143750.00,,,,
CAN,Zolnierczyk,Harry,LW,NSH,24,2,2,4,CA$575'000.00,CA$ 143750.00,,,,
CZE,Vrana,Jakub,LW,WSH,21,3,3,6,CA$925'000.00,CA$ 143888.83,,,,
CAN,Smith-Pelly,Devante,RW/C/LW,N.J,53,4,5,9,CA$1'250'000.00,CA$ 144444.44,,,,
CAN,Barrie,Tyson,D,COL,74,7,31,38,CA$5'000'000.00,CA$ 144736.84,,,,
CAN,Marleau,Patrick,LW/C,S.J,82,27,19,46,CA$6'500'000.00,CA$ 144927.54,,,,
CAN,Burrows,Alex,LW/RW,OTT/VAN,75,15,16,31,CA$3'000'000.00,CA$ 145161.29,,,,
CZE,Gudas,Radko,D,PHI,67,6,17,23,CA$4'000'000.00,CA$ 145652.17,,,,
USA,Byfuglien,Dustin,D/RW,WPG,80,13,39,52,CA$8'000'000.00,CA$ 146153.85,,,,
CAN,Duchene,Matt,C/LW,COL,77,18,23,41,CA$6'000'000.00,CA$ 146341.46,,,,
USA,Miller,Drew,LW/RW,DET,55,5,2,7,CA$1'025'000.00,CA$ 146428.57,,,,
USA,Smith,Craig,RW/LW/C,NSH,78,12,17,29,CA$4'000'000.00,CA$ 146551.72,,,,
CAN,Calvert,Matt,LW,CBJ,65,10,5,15,CA$2'200'000.00,CA$ 146666.67,,,,
USA,Niskanen,Matt,D,WSH,78,5,34,39,CA$5'750'000.00,CA$ 147435.90,,,,
SWE,Kempe,Adrian,LW/C,L.A,25,2,4,6,CA$925'000.00,CA$ 149027.83,,,,
CHE,Meier,Timo,RW,S.J,34,3,3,6,CA$925'000.00,CA$ 149027.83,,,,
USA,Carpenter,Ryan,C,S.J,11,2,2,4,CA$600'000.00,CA$ 150000.00,,,,
CAN,Goloubef,Cody,D,COL,33,0,5,5,CA$800'000.00,CA$ 150000.00,,,,
FIN,Jokipakka,Jyrki,D,CGY/OTT,41,1,5,6,CA$900'000.00,CA$ 150000.00,,,,
CAN,McClement,Jay,C,CAR,65,5,3,8,CA$1'100'000.00,CA$ 150000.00,,,,
CAN,Spezza,Jason,C,DAL,68,15,35,50,CA$7'500'000.00,CA$ 150000.00,,,,
CAN,Terry,Chris,LW/RW,MTL,14,2,2,4,CA$600'000.00,CA$ 150000.00,,,,
CAN,Vlasic,Marc-Edouard,D,S.J,75,6,22,28,CA$4'250'000.00,CA$ 151785.71,,,,
USA,Goligoski,Alex,D,ARI,82,6,30,36,CA$5'375'000.00,CA$ 152083.33,,,,
DNK,Boedker,Mikkel,LW/RW,S.J,81,10,16,26,CA$5'200'000.00,CA$ 153846.15,,,,
RUS,Tyutin,Fedor,D,COL,69,1,12,13,CA$2'000'000.00,CA$ 153846.15,,,,
CAN,Montour,Brandon,D,ANA,27,2,4,6,CA$925'000.00,CA$ 154166.67,,,,
USA,Yandle,Keith,D,FLA,82,5,36,41,CA$7'500'000.00,CA$ 154878.05,,,,
CAN,Moulson,Matt,LW,BUF,81,14,18,32,CA$5'000'000.00,CA$ 156250.00,,,,
CAN,Schenn,Luke,D,ARI,78,1,7,8,CA$1'000'000.00,CA$ 156250.00,,,,
CAN,Weise,Dale,RW,PHI,64,8,7,15,CA$2'750'000.00,CA$ 156666.67,,,,
SVK,Sekera,Andrej,D,EDM,80,8,27,35,CA$6'500'000.00,CA$ 157142.86,,,,
USA,Backes,David,RW/C,BOS,74,17,21,38,CA$8'000'000.00,CA$ 157894.74,,,,
CAN,Gryba,Eric,D,EDM,40,2,4,6,CA$950'000.00,CA$ 158333.33,,,,
USA,Acciari,Noel,C,BOS,29,2,3,5,CA$892'500.00,CA$ 158500.00,,,,
CAN,Doughty,Drew,D,L.A,82,12,32,44,CA$7'450'000.00,CA$ 159090.91,,,,
SWE,Sedin,Daniel,LW,VAN,82,15,29,44,CA$7'000'000.00,CA$ 159090.91,,,,
CAN,Sheahan,Riley,C,DET,80,2,11,13,CA$2'075'000.00,CA$ 159615.38,,,,
RUS,Markov,Andrei,D,MTL,62,6,30,36,CA$4'250'000.00,CA$ 159722.22,,,,
CAN,Chorney,Taylor,D,WSH,18,1,4,5,CA$775'000.00,CA$ 160000.00,,,,
CAN,Demers,Jason,D,FLA,81,9,19,28,CA$5'500'000.00,CA$ 160714.29,,,,
CAN,Cammalleri,Mike,LW/C,N.J,61,10,21,31,CA$5'000'000.00,CA$ 161290.32,,,,
CAN,Grant,Derek,C,BUF/NSH,46,0,4,4,CA$650'000.00,CA$ 162500.00,,,,
CAN,Perry,Corey,RW,ANA,82,19,34,53,CA$10'000'000.00,CA$ 162735.85,,,,
SWE,Ekholm,Mattias,D,NSH,82,3,20,23,CA$3'000'000.00,CA$ 163043.48,,,,
USA,Brown,Dustin,RW/LW,L.A,80,14,22,36,CA$7'000'000.00,CA$ 163194.44,,,,
CAN,Ceci,Cody,D,OTT,79,2,15,17,CA$2'250'000.00,CA$ 164705.88,,,,
USA,Hainsey,Ron,D,CAR/PIT,72,4,13,17,CA$2'500'000.00,CA$ 166666.65,,,,
CAN,Green,Mike,D,DET,72,14,22,36,CA$6'000'000.00,CA$ 166666.67,,,,
SWE,Brodin,Jonas,D,MIN,68,3,22,25,CA$4'000'000.00,CA$ 166666.68,,,,
USA,Bailey,Justin,RW,BUF,32,2,2,4,CA$692'500.00,CA$ 167500.00,,,,
USA,Smith,Ben,RW/C,COL/TOR,40,2,2,4,CA$675'000.00,CA$ 168750.00,,,,
SWE,Landeskog,Gabriel,LW,COL,72,18,15,33,CA$5'500'000.00,CA$ 168831.18,,,,
DNK,Larsen,Philip,D,VAN,26,1,5,6,CA$1'025'000.00,CA$ 170833.33,,,,
CAN,Gaunce,Brendan,C/LW,VAN,57,0,5,5,CA$832'500.00,CA$ 172666.60,,,,
FIN,Honka,Julius,D,DAL,16,1,4,5,CA$925'000.00,CA$ 172666.60,,,,
USA,McCarron,Michael,RW/C,MTL,31,1,4,5,CA$832'500.00,CA$ 172666.60,,,,
CAN,Giordano,Mark,D,CGY,81,12,27,39,CA$6'750'000.00,CA$ 173076.92,,,,
CAN,Daley,Trevor,D,PIT,56,5,14,19,CA$2'700'000.00,CA$ 173684.21,,,,
SWE,Forsling,Gustav,D,CHI,38,2,3,5,CA$767'500.00,CA$ 174500.00,,,,
CAN,Franson,Cody,D,BUF,68,3,16,19,CA$2'650'000.00,CA$ 175000.00,,,,
CAN,Stastny,Paul,C,STL,66,18,22,40,CA$7'000'000.00,CA$ 175000.00,,,,
CAN,Seabrook,Brent,D,CHI,79,3,36,39,CA$9'000'000.00,CA$ 176282.05,,,,
CAN,Matthias,Shawn,LW/C,WPG,45,8,4,12,CA$2'125'000.00,CA$ 177083.33,,,,
CAN,Ladd,Andrew,LW,NYI,78,23,8,31,CA$8'000'000.00,CA$ 177419.35,,,,
SVK,Marincin,Martin,D,TOR,25,1,6,7,CA$1'200'000.00,CA$ 178571.43,,,,
USA,Parise,Zach,LW,MIN,69,19,23,42,CA$9'000'000.00,CA$ 179487.19,,,,
CAN,Baptiste,Nicholas,RW,BUF,14,3,1,4,CA$740'000.00,CA$ 179583.25,,,,
CAN,Brouwer,Troy,RW,CGY,74,13,12,25,CA$4'500'000.00,CA$ 180000.00,,,,
CAN,Toews,Jonathan,C,CHI,72,21,37,58,CA$13'800'000.00,CA$ 181034.48,,,,
RUS,Marchenko,Alexey,D,DET/TOR,41,1,7,8,CA$1'300'000.00,CA$ 181250.00,,,,
FIN,Pakarinen,Iiro,RW,EDM,14,2,2,4,CA$725'000.00,CA$ 181250.00,,,,
SWE,Kruger,Marcus,C,CHI,70,5,12,17,CA$3'475'000.00,CA$ 181372.53,,,,
CAN,Fehr,Eric,C/RW,PIT/TOR,53,6,5,11,CA$2'000'000.00,CA$ 181818.18,,,,
SWE,Hagelin,Carl,LW,PIT,61,6,16,22,CA$3'667'000.00,CA$ 181818.18,,,,
CZE,Hudler,Jiri,RW/LW,DAL,32,3,8,11,CA$2'000'000.00,CA$ 181818.18,,,,
RUS,Kulemin,Nikolay,LW/RW,NYI,72,12,11,23,CA$4'250'000.00,CA$ 182065.22,,,,
CAN,Engelland,Deryk,D,CGY,81,4,12,16,CA$2'750'000.00,CA$ 182291.69,,,,
CZE,Nestrasil,Andrej,C/RW/LW,CAR,19,1,4,5,CA$950'000.00,CA$ 182500.00,,,,
CAN,Savard,David,D,CBJ,74,6,17,23,CA$3'500'000.00,CA$ 184782.61,,,,
USA,Boeser,Brock,RW,VAN,9,4,1,5,CA$925'000.00,CA$ 185000.00,,,,
USA,Compher,J.T.,LW/C,COL,21,3,2,5,CA$925'000.00,CA$ 185000.00,,,,
USA,Connor,Kyle,LW,WPG,20,2,3,5,CA$925'000.00,CA$ 185000.00,,,,
CAN,Rielly,Morgan,D,TOR,76,6,21,27,CA$5'000'000.00,CA$ 185185.19,,,,
USA,Martin,Paul,D,S.J,81,4,22,26,CA$5'000'000.00,CA$ 186538.46,,,,
CAN,Weber,Shea,D,MTL,78,17,25,42,CA$12'000'000.00,CA$ 187074.83,,,,
USA,Suter,Ryan,D,MIN,82,9,31,40,CA$9'000'000.00,CA$ 188461.55,,,,
USA,Johnson,Jack,D,CBJ,82,5,18,23,CA$5'000'000.00,CA$ 189441.00,,,,
USA,Merrill,Jon,D,N.J,51,1,5,6,CA$1'000'000.00,CA$ 189583.33,,,,
CAN,Read,Matt,RW/LW,PHI,63,10,9,19,CA$4'000'000.00,CA$ 190789.47,,,,
CAN,Bournival,Michael,LW,T.B,19,2,1,3,CA$575'000.00,CA$ 191666.67,,,,
CAN,Stollery,Karl,D,N.J,11,0,3,3,CA$575'000.00,CA$ 191666.67,,,,
USA,Thompson,Paul,RW,FLA,21,0,3,3,CA$575'000.00,CA$ 191666.67,,,,
CHE,Vermin,Joel,RW,T.B,18,0,3,3,CA$575'000.00,CA$ 191666.67,,,,
SVN,Kopitar,Anze,C,L.A,76,12,40,52,CA$14'000'000.00,CA$ 192307.69,,,,
USA,Miller,Kevan,D,BOS,58,3,10,13,CA$2'500'000.00,CA$ 192307.69,,,,
CHE,Streit,Mark,D,PHI/PIT,68,6,21,27,CA$4'000'000.00,CA$ 194444.44,,,,
CAN,McGinn,Jamie,LW/RW,ARI,72,9,8,17,CA$3'000'000.00,CA$ 196078.41,,,,
USA,Petry,Jeff,D,MTL,80,8,20,28,CA$7'000'000.00,CA$ 196428.57,,,,
CAN,Iginla,Jarome,RW,COL/L.A,80,14,13,27,CA$5'000'000.00,CA$ 197530.85,,,,
FRA,Auvitu,Yohann,D/LW,N.J,25,2,2,4,CA$792'500.00,CA$ 198125.00,,,,
CAN,Dalpe,Zac,C,MIN,9,1,2,3,CA$600'000.00,CA$ 200000.00,,,,
RUS,Kalinin,Sergey,C/RW,N.J,43,2,2,4,CA$800'000.00,CA$ 200000.00,,,,
CZE,Rozsival,Michal,D,CHI,22,1,2,3,CA$600'000.00,CA$ 200000.00,,,,
USA,Abdelkader,Justin,LW/RW,DET,64,7,14,21,CA$5'500'000.00,CA$ 202380.95,,,,
CAN,Quenneville,John,C,N.J,12,1,3,4,CA$842'500.00,CA$ 202916.75,,,,
FIN,Vatanen,Sami,D,ANA,71,3,21,24,CA$5'000'000.00,CA$ 203125.00,,,,
CZE,Polak,Roman,D,TOR,75,4,7,11,CA$2'250'000.00,CA$ 204545.45,,,,
SWE,Stralman,Anton,D,T.B,73,5,17,22,CA$4'500'000.00,CA$ 204545.45,,,,
CAN,Nash,Rick,RW/LW,NYR,67,23,15,38,CA$8'000'000.00,CA$ 205263.16,,,,
USA,Wingels,Tommy,C/RW/LW,OTT/S.J,73,7,5,12,CA$2'600'000.00,CA$ 206250.00,,,,
CAN,Klein,Kevin,D,NYR,60,3,11,14,CA$2'750'000.00,CA$ 207142.86,,,,
USA,Stafford,Drew,RW/LW,BOS/WPG,58,8,13,21,CA$4'350'000.00,CA$ 207142.86,,,,
USA,Agostino,Kenny,LW,STL,7,1,2,3,CA$625'000.00,CA$ 208333.33,,,,
USA,Brown,J.T.,RW,T.B,64,3,3,6,CA$1'250'000.00,CA$ 208333.33,,,,
CAN,Harrington,Scott,D,CBJ,22,1,2,3,CA$632'500.00,CA$ 210833.33,,,,
CAN,Letang,Kris,D,PIT,41,5,29,34,CA$7'250'000.00,CA$ 213235.29,,,,
FIN,Lehtera,Jori,C,STL,64,7,15,22,CA$4'400'000.00,CA$ 213636.36,,,,
AUT,Raffl,Michael,LW/C,PHI,52,8,3,11,CA$2'350'000.00,CA$ 213636.36,,,,
CZE,Plekanec,Tomas,C,MTL,78,10,18,28,CA$7'000'000.00,CA$ 214285.71,,,,
CAN,Del Zotto,Michael,D,PHI,51,6,12,18,CA$4'000'000.00,CA$ 215277.78,,,,
CAN,Alzner,Karl,D,WSH,82,3,10,13,CA$2'800'000.00,CA$ 215384.62,,,,
USA,Harper,Shane,RW,FLA,14,2,1,3,CA$650'000.00,CA$ 216666.67,,,,
CAN,Tanev,Brandon,LW/C/RW,WPG,51,2,2,4,CA$874'125.00,CA$ 218531.25,,,,
CAN,Kulak,Brett,D,CGY,21,0,3,3,CA$680'000.00,CA$ 218889.00,,,,
SWE,Larsson,Adam,D,EDM,79,4,15,19,CA$3'000'000.00,CA$ 219298.26,,,,
CAN,Archibald,Josh,RW,PIT,10,3,0,3,CA$667'500.00,CA$ 219722.33,,,,
CAN,McLeod,Cody,LW/RW,COL/NSH,59,5,1,6,CA$1'250'000.00,CA$ 222222.17,,,,
CAN,Koekkoek,Slater,D,T.B,29,0,4,4,CA$832'500.00,CA$ 223541.75,,,,
CAN,Lazar,Curtis,C/RW,CGY/OTT,37,1,3,4,CA$832'500.00,CA$ 223541.75,,,,
CAN,Subban,P.K.,D,NSH,66,10,30,40,CA$11'000'000.00,CA$ 225000.00,,,,
CAN,Helm,Darren,C,DET,50,8,9,17,CA$5'000'000.00,CA$ 226470.59,,,,
USA,Murphy,Connor,D,ARI,77,2,15,17,CA$2'400'000.00,CA$ 226470.59,,,,
SWE,Hjalmarsson,Niklas,D,CHI,73,5,13,18,CA$4'100'000.00,CA$ 227777.78,,,,
USA,Hayden,John,LW/RW/C,CHI,12,1,3,4,CA$925'000.00,CA$ 231250.00,,,,
CAN,Richardson,Brad,RW/C,ARI,16,5,4,9,CA$2'250'000.00,CA$ 231481.44,,,,
SVK,Gaborik,Marian,RW,L.A,56,10,11,21,CA$6'075'000.00,CA$ 232142.86,,,,
CAN,Phaneuf,Dion,D,OTT,81,9,21,30,CA$7'500'000.00,CA$ 233333.33,,,,
CAN,Hamhuis,Dan,D,DAL,79,1,15,16,CA$4'500'000.00,CA$ 234375.00,,,,
SWE,Edler,Alex,D,VAN,68,6,15,21,CA$6'000'000.00,CA$ 238095.24,,,,
CAN,Russell,Kris,D,EDM,68,1,12,13,CA$3'100'000.00,CA$ 238461.54,,,,
SVK,Chara,Zdeno,D,BOS,75,9,19,29,CA$5'000'000.00,CA$ 238505.76,,,,
SWE,Lander,Anton,C/LW/RW,EDM,22,1,3,4,CA$1'050'000.00,CA$ 246875.00,,,,
CAN,Dauphin,Laurent,C,ARI,24,2,1,3,CA$767'500.00,CA$ 248333.33,,,,
CAN,Beauchemin,Francois,D,COL,81,5,13,18,CA$4'500'000.00,CA$ 250000.00,,,,
CAN,Biega,Alex,D,VAN,36,0,3,3,CA$700'000.00,CA$ 250000.00,,,,
CAN,Desharnais,David,C,EDM/MTL,49,6,8,14,CA$3'500'000.00,CA$ 250000.00,,,,
SWE,Eriksson,Loui,LW/C,VAN,65,11,13,24,CA$8'000'000.00,CA$ 250000.00,,,,
CAN,Tootoo,Jordin,RW,CHI,50,2,1,3,CA$750'000.00,CA$ 250000.00,,,,
CAN,Murray,Ryan,D,CBJ,60,2,9,11,CA$2'825'000.00,CA$ 256818.18,,,,
CAN,Mitchell,John,C,COL,65,3,4,7,CA$1'900'000.00,CA$ 257142.86,,,,
CAN,Boychuk,Johnny,D,NYI,66,6,17,23,CA$7'000'000.00,CA$ 260869.57,,,,
CAN,Bortuzzo,Robert,D,STL,38,1,3,4,CA$1'050'000.00,CA$ 262500.00,,,,
CAN,Prout,Dalton,D,CBJ/N.J,29,0,6,6,CA$1'250'000.00,CA$ 262500.00,,,,
USA,Hendricks,Matt,LW/C,EDM,42,4,3,7,CA$1'850'000.00,CA$ 264285.71,,,,
SWE,Olofsson,Gustav,D,MIN,13,0,3,3,CA$925'000.00,CA$ 265000.00,,,,
CAN,Stone,Michael,D,ARI/CGY,64,3,12,15,CA$4'000'000.00,CA$ 266666.67,,,,
CAN,Mcquaid,Adam,D,BOS,77,2,8,10,CA$3'000'000.00,CA$ 275000.00,,,,
CAN,Hamonic,Travis,D,NYI,49,3,11,14,CA$4'875'000.00,CA$ 275510.21,,,,
ITA,Sbisa,Luca,D,VAN,82,2,11,13,CA$3'600'000.00,CA$ 276923.08,,,,
CAN,MacDonald,Andrew,D,PHI,73,2,16,18,CA$4'750'000.00,CA$ 277777.78,,,,
CAN,Martin,Matt,LW/RW,TOR,82,5,4,9,CA$3'500'000.00,CA$ 277777.78,,,,
RUS,Yakupov,Nail,RW/LW,STL,40,3,6,9,CA$2'500'000.00,CA$ 277777.78,,,,
USA,Gilbert,Tom,D,L.A,18,1,4,5,CA$1'400'000.00,CA$ 280000.00,,,,
USA,Fischer,Christian,RW,ARI,7,3,0,3,CA$817'500.00,CA$ 284166.67,,,,
SWE,Lindholm,Hampus,D,ANA,66,6,14,20,CA$3'000'000.00,CA$ 285670.75,,,,
CAN,Bieksa,Kevin,D,ANA,81,3,11,14,CA$4'000'000.00,CA$ 285714.29,,,,
CAN,Pouliot,Benoit,LW,EDM,67,8,6,14,CA$4'000'000.00,CA$ 285714.29,,,,
USA,Rau,Kyle,C,FLA,24,2,1,3,CA$925'000.00,CA$ 286250.00,,,,
USA,Sestito,Tom,LW,PIT,13,0,2,2,CA$575'000.00,CA$ 287500.00,,,,
CAN,Gauthier,Frederik,C,TOR,21,2,1,3,CA$832'500.00,CA$ 287777.67,,,,
RUS,Goldobin,Nikolay,RW/LW,S.J/VAN,14,3,0,3,CA$925'000.00,CA$ 287777.67,,,,
USA,Ryan,Bobby,RW/LW,OTT,62,13,12,25,CA$7'000'000.00,CA$ 290000.00,,,,
USA,Erne,Adam,LW,T.B,26,3,0,3,CA$925'000.00,CA$ 291389.00,,,,
CAN,Wideman,Dennis,D,CGY,57,5,13,18,CA$6'000'000.00,CA$ 291666.67,,,,
USA,Braun,Justin,D,S.J,81,4,9,13,CA$3'800'000.00,CA$ 292307.69,,,,
USA,Bjugstad,Nick,C,FLA,54,7,7,14,CA$3'350'000.00,CA$ 292857.14,,,,
CAN,Andreoff,Andy,LW/C,L.A,36,0,2,2,CA$600'000.00,CA$ 293750.00,,,,
USA,Boll,Jared,RW,ANA,51,0,3,3,CA$900'000.00,CA$ 300000.00,,,,
SVK,Hrivik,Marek,LW/C/RW,NYR,16,0,2,2,CA$600'000.00,CA$ 300000.00,,,,
SWE,Nemeth,Patrik,D,DAL,40,0,3,3,CA$900'000.00,CA$ 300000.00,,,,
USA,Shore,Drew,C,VAN,14,0,2,2,CA$600'000.00,CA$ 300000.00,,,,
USA,Strait,Brian,D,WPG,5,0,2,2,CA$600'000.00,CA$ 300000.00,,,,
CAN,Thorburn,Chris,RW/LW,WPG,64,3,1,4,CA$1'200'000.00,CA$ 300000.00,,,,
CAN,Smith,Brendan,D,DET/NYR,51,3,6,9,CA$3'250'000.00,CA$ 305555.56,,,,
USA,Bartkowski,Matt,D,CGY,24,1,1,2,CA$575'000.00,CA$ 306250.00,,,,
CAN,Hamilton,Freddie,C,CGY,26,2,0,2,CA$575'000.00,CA$ 306250.00,,,,
USA,Kampfer,Steven,D,FLA/NYR,11,1,1,2,CA$625'000.00,CA$ 306250.00,,,,
CAN,Scandella,Marco,D,MIN,71,4,9,13,CA$3'750'000.00,CA$ 307692.31,,,,
CAN,Coburn,Braydon,D,T.B,80,5,7,12,CA$3'700'000.00,CA$ 308333.33,,,,
CAN,Colborne,Joe,C/LW/RW,COL,62,4,4,8,CA$2'500'000.00,CA$ 312500.00,,,,
CAN,Dowling,Justin,C,DAL,9,0,2,2,CA$625'000.00,CA$ 312500.00,,,,
CAN,Fiddler,Vernon,C/LW,N.J/NSH,59,2,2,4,CA$1'250'000.00,CA$ 312500.00,,,,
CAN,Hudon,Charles,LW,MTL,3,0,2,2,CA$575'000.00,CA$ 312500.00,,,,
CAN,Melchiori,Julian,D,WPG,18,0,2,2,CA$600'000.00,CA$ 312500.00,,,,
CAN,Bouma,Lance,C/LW/RW,CGY,61,3,4,7,CA$2'200'000.00,CA$ 314285.71,,,,
CAN,Eakin,Cody,C,DAL,60,3,9,12,CA$3'850'000.00,CA$ 320833.33,,,,
CAN,Rattie,Ty,RW,CAR/STL,9,0,2,2,CA$650'000.00,CA$ 325000.00,,,,
CAN,Dillon,Brenden,D,S.J,81,2,8,10,CA$2'750'000.00,CA$ 327000.00,,,,
CAN,Sharp,Patrick,LW/RW/C,DAL,48,8,10,18,CA$5'000'000.00,CA$ 327777.78,,,,
SWE,Soderberg,Carl,C/LW,COL,80,6,8,14,CA$4'750'000.00,CA$ 339285.71,,,,
USA,Coleman,Blake,C/LW,N.J,23,1,1,2,CA$692'500.00,CA$ 340000.00,,,,
SWE,Wallmark,Lucas,C,CAR,8,0,2,2,CA$675'000.00,CA$ 341666.50,,,,
USA,Johnson,Erik,D,COL,46,2,15,17,CA$6'000'000.00,CA$ 352941.18,,,,
CAN,Ennis,Tyler,LW/C/RW,BUF,51,5,8,13,CA$3'650'000.00,CA$ 353846.15,,,,
FIN,Hannikainen,Markus,LW,CBJ,10,1,1,2,CA$742'500.00,CA$ 358750.00,,,,
CAN,Bouwmeester,Jay,D,STL,81,1,14,15,CA$5'600'000.00,CA$ 360000.00,,,,
SWE,Kronwall,Niklas,D,DET,57,2,11,13,CA$5'500'000.00,CA$ 365384.62,,,,
CAN,Borowiecki,Mark,D,OTT,70,1,2,3,CA$1'100'000.00,CA$ 366666.67,,,,
CAN,Girardi,Dan,D,NYR,63,4,11,15,CA$6'000'000.00,CA$ 366666.67,,,,
SVK,Cehlarik,Peter,LW/RW,BOS,11,0,2,2,CA$692'500.00,CA$ 371250.00,,,,
CAN,Neil,Chris,RW,OTT,53,1,3,4,CA$1'500'000.00,CA$ 375000.00,,,,
USA,Lovejoy,Ben,D,N.J,82,1,6,7,CA$2'500'000.00,CA$ 380952.43,,,,
USA,Greene,Andy,D,N.J,66,4,9,13,CA$5'000'000.00,CA$ 384615.38,,,,
CAN,Deslauriers,Nicolas,LW,BUF,42,0,2,2,CA$775'000.00,CA$ 387500.00,,,,
CAN,Leier,Taylor,LW,PHI,10,1,1,2,CA$768'150.00,CA$ 389808.50,,,,
SWE,Aberg,Pontus,LW,NSH,15,1,1,2,CA$842'500.00,CA$ 390416.50,,,,
SWE,Blidh,Anton,LW,BOS,19,1,1,2,CA$792'500.00,CA$ 392083.50,,,,
USA,Orpik,Brooks,D,WSH,79,0,14,14,CA$5'500'000.00,CA$ 392857.14,,,,
CAN,Murphy,Ryan,D,CAR,27,0,2,2,CA$750'000.00,CA$ 393750.00,,,,
CAN,Peca,Matthew,C,T.B,10,1,1,2,CA$925'000.00,CA$ 398125.00,,,,
USA,Liles,John-Michael,D,BOS,36,0,5,5,CA$2'000'000.00,CA$ 400000.00,,,,
USA,Brodzinski,Jonny,C,L.A,6,0,2,2,CA$925'000.00,CA$ 404375.00,,,,
FIN,Pulkkinen,Teemu,LW,ARI/MIN,13,2,0,2,CA$812'500.00,CA$ 406250.00,,,,
CAN,Methot,Marc,D,OTT,68,0,12,12,CA$4'900'000.00,CA$ 408333.33,,,,
RUS,Emelin,Alexei,D,MTL,76,2,8,10,CA$4'200'000.00,CA$ 410000.00,,,,
SWE,Enstrom,Tobias,D,WPG,60,1,13,14,CA$5'750'000.00,CA$ 410714.29,,,,
USA,DeKeyser,Danny,D,DET,82,4,8,12,CA$4'000'000.00,CA$ 416666.67,,,,
SWE,Oduya,Johnny,D,CHI/DAL,52,2,7,9,CA$3'750'000.00,CA$ 416666.67,,,,
CAN,McNabb,Brayden,D,L.A,49,2,2,4,CA$1'600'000.00,CA$ 425000.00,,,,
CAN,Stamkos,Steven,C,T.B,17,9,11,20,CA$9'500'000.00,CA$ 425000.00,,,,
CAN,Tanev,Chris,D,VAN,53,2,8,10,CA$3'500'000.00,CA$ 445000.00,,,,
CAN,Dickinson,Jason,C,DAL,10,2,0,2,CA$925'000.00,CA$ 447083.50,,,,
CHE,Mueller,Mirco,D,S.J,4,1,1,2,CA$832'500.00,CA$ 447083.50,,,,
USA,Keller,Clayton,C/LW,ARI,3,0,2,2,CA$900'000.00,CA$ 458333.50,,,,
USA,Hayes,Jimmy,RW,BOS,58,2,3,5,CA$2'300'000.00,CA$ 460000.00,,,,
USA,Schmaltz,Jordan,D,STL,9,0,2,2,CA$925'000.00,CA$ 462500.00,,,,
USA,Bogosian,Zach,D,BUF,56,2,9,11,CA$5'250'000.00,CA$ 467532.45,,,,
SWE,Ericsson,Jonathan,D,DET,51,1,8,9,CA$4'250'000.00,CA$ 472222.22,,,,
CAN,Beleskey,Matt,LW,BOS,49,3,5,8,CA$4'000'000.00,CA$ 475000.00,,,,
CAN,Davidson,Brandon,D,EDM/MTL,38,0,3,3,CA$1'300'000.00,CA$ 475000.00,,,,
SWE,Gunnarsson,Carl,D,STL,56,0,6,6,CA$2'900'000.00,CA$ 483333.33,,,,
CAN,Garrison,Jason,D,T.B,70,1,8,9,CA$3'600'000.00,CA$ 511111.11,,,,
CAN,Schultz,Nick,D,PHI,28,0,4,4,CA$2'250'000.00,CA$ 562500.00,,,,
CAN,Staal,Marc,D,NYR,72,3,7,10,CA$6'000'000.00,CA$ 570000.00,,,,
CZE,Hemsky,Ales,RW,DAL,15,4,3,7,CA$4'000'000.00,CA$ 571428.57,,,,
USA,Oleksy,Steve,D,PIT,11,0,1,1,CA$575'000.00,CA$ 575000.00,,,,
USA,Warsofsky,David,D,PIT,7,0,1,1,CA$575'000.00,CA$ 575000.00,,,,
CAN,Abbott,Spencer,LW,CHI,1,0,0,0,CA$575'000.00,CA$575'000.00,,,,
USA,Burgdoerfer,Erik,D,BUF,2,0,0,0,CA$575'000.00,CA$575'000.00,,,,
USA,Carey,Paul,C,WSH,6,0,0,0,CA$575'000.00,CA$575'000.00,,,,
USA,Farnham,Bobby,RW,MTL,3,0,0,0,CA$575'000.00,CA$575'000.00,,,,
CAN,Froese,Byron,C,T.B/TOR,6,0,0,0,CA$575'000.00,CA$575'000.00,,,,
CAN,Jones,Connor,C/LW,NYI,4,0,0,0,CA$575'000.00,CA$575'000.00,,,,
CAN,Liambas,Mike,LW,NSH,1,0,0,0,CA$575'000.00,CA$575'000.00,,,,
CAN,Pardy,Adam,D,NSH,4,0,0,0,CA$575'000.00,CA$575'000.00,,,,
USA,Porter,Kevin,C,PIT,2,0,0,0,CA$575'000.00,CA$575'000.00,,,,
HRV,Rendulic,Borna,RW/C,VAN,1,0,0,0,CA$575'000.00,CA$575'000.00,,,,
CAN,Richard,Tanner,C,T.B,3,0,0,0,CA$575'000.00,CA$575'000.00,,,,
FIN,Maatta,Olli,D,PIT,55,1,6,7,CA$4'083'300.00,CA$ 583333.29,,,,
CAN,Gudbranson,Erik,D,VAN,30,1,5,6,CA$3'500'000.00,CA$ 583333.33,,,,
CAN,McEneny,Evan,D,VAN,1,0,0,0,CA$575'000.00,CA$585'000.00,,,,
USA,Oesterle,Jordan,D,EDM,2,0,0,0,CA$585'000.00,CA$585'000.00,,,,
CAN,Henley,Samuel,C/RW,COL,1,1,0,1,CA$590'000.00,CA$ 586667.00,,,,
USA,Helgeson,Seth,D,N.J,9,1,0,1,CA$600'000.00,CA$ 587500.00,,,,
CAN,Mitchell,Garrett,RW,WSH,1,0,0,0,CA$600'000.00,CA$587'500.00,,,,
CAN,Dea,Jean-Sebastien,C,PIT,1,0,0,0,CA$575'000.00,CA$593'333.00,,,,
CAN,Gaudreau,Frederick,C,NSH,9,0,1,1,CA$595'000.00,CA$ 595000.00,,,,
CAN,Garbutt,Ryan,C/LW,ANA,27,2,1,3,CA$2'000'000.00,CA$ 600000.00,,,,
CZE,Kindl,Jakub,D,FLA,39,0,4,4,CA$3'000'000.00,CA$ 600000.00,,,,
USA,Schneider,Cole,LW/RW,BUF,4,0,1,1,CA$600'000.00,CA$ 600000.00,,,,
CAN,Street,Ben,C,DET,6,0,1,1,CA$600'000.00,CA$ 600000.00,,,,
USA,Butler,Chris,D,STL,1,0,0,0,CA$600'000.00,CA$600'000.00,,,,
USA,Callahan,Mitch,RW,DET,4,0,0,0,CA$600'000.00,CA$600'000.00,,,,
USA,Cannone,Patrick,C,MIN,3,0,0,0,CA$600'000.00,CA$600'000.00,,,,
CAN,Corrado,Frank,D,PIT/TOR,4,0,0,0,CA$600'000.00,CA$600'000.00,,,,
CAN,Grenier,Alex,RW,VAN,3,0,0,0,CA$600'000.00,CA$600'000.00,,,,
CAN,Hanley,Joel,D,MTL,7,0,0,0,CA$600'000.00,CA$600'000.00,,,,
DNK,Jensen,Nicklas,RW/LW,NYR,7,0,0,0,CA$600'000.00,CA$600'000.00,,,,
CAN,McNeill,Mark,C/RW,DAL,1,0,0,0,CA$600'000.00,CA$600'000.00,,,,
USA,Tynan,T.J.,C/RW,CBJ,3,0,0,0,CA$600'000.00,CA$600'000.00,,,,
CZE,Nosek,Tomas,LW/C,DET,11,1,0,1,CA$575'000.00,CA$ 612500.00,,,,
CAN,Bass,Cody,C,NSH,9,0,0,0,CA$575'000.00,CA$612'500.00,,,,
CAN,Didomenico,Chris,C/RW,OTT,3,0,0,0,CA$575'000.00,CA$612'500.00,,,,
SWE,Granberg,Petter,D,NSH,10,0,0,0,CA$575'000.00,CA$612'500.00,,,,
USA,Ness,Aaron,D,WSH,2,0,0,0,CA$575'000.00,CA$612'500.00,,,,
FIN,Salomaki,Miikka,RW,NSH,5,0,0,0,CA$575'000.00,CA$612'500.00,,,,
CAN,Smith,Trevor,C/RW,NSH,1,0,0,0,CA$575'000.00,CA$612'500.00,,,,
CAN,Mitchell,Zack,RW,MIN,11,0,0,0,CA$640'000.00,CA$615'000.00,,,,
RUS,Tolchinsky,Sergey,LW,CAR,2,0,1,1,CA$575'000.00,CA$ 616667.00,,,,
CAN,O'Brien,Liam,C/LW,WSH,1,0,0,0,CA$630'000.00,CA$621'667.00,,,,
USA,Rooney,Kevin,C,N.J,4,0,0,0,CA$625'000.00,CA$625'000.00,,,,
USA,Tropp,Corey,RW/LW,ANA,1,0,0,0,CA$600'000.00,CA$625'000.00,,,,
CAN,Wotherspoon,Tyler,D,CGY,4,0,0,0,CA$625'000.00,CA$625'000.00,,,,
CAN,Goodrow,Barclay,RW/C,S.J,3,0,1,1,CA$635'000.00,CA$ 626667.00,,,,
CAN,Austin,Brady,D,BUF,5,0,0,0,CA$635'000.00,CA$626'667.00,,,,
CAN,Thomson,Ben,LW,N.J,3,0,0,0,CA$635'000.00,CA$626'667.00,,,,
USA,Zalewski,Michael,LW/C,VAN,1,0,0,0,CA$632'500.00,CA$632'500.00,,,,
FIN,Lindbohm,Petteri,D,STL,7,0,0,0,CA$645'000.00,CA$636'667.00,,,,
USA,McDonald,Colin,RW/C,PHI,3,1,0,1,CA$625'000.00,CA$ 637500.00,,,,
CZE,Frk,Martin,RW,CAR,2,0,0,0,CA$650'000.00,CA$639'167.00,,,,
CAN,Gorges,Josh,D,BUF,66,1,5,6,CA$3'900'000.00,CA$ 650000.00,,,,
CAN,Beck,Taylor,LW,EDM/NYR,5,0,0,0,CA$650'000.00,CA$650'000.00,,,,
USA,Brown,Patrick,C,CAR,14,0,0,0,CA$650'000.00,CA$650'000.00,,,,
CAN,Howden,Quinton,C/LW/C,WPG,5,0,0,0,CA$650'000.00,CA$650'000.00,,,,
USA,Lashoff,Brian,D,DET,5,0,0,0,CA$650'000.00,CA$650'000.00,,,,
USA,McBain,Jamie,D,ARI,3,0,0,0,CA$650'000.00,CA$650'000.00,,,,
USA,McCormick,Max,RW/LW/C,OTT,7,0,0,0,CA$650'000.00,CA$650'000.00,,,,
USA,Nelson,Casey,D,BUF,11,0,0,0,CA$650'000.00,CA$650'000.00,,,,
CAN,Harpur,Ben,D,OTT,6,0,0,0,CA$655'000.00,CA$653'333.00,,,,
CAN,Lernout,Brett,D,MTL,2,0,0,0,CA$660'000.00,CA$653'333.00,,,,
USA,Stuart,Mark,D,WPG,42,2,2,4,CA$2'700'000.00,CA$ 656250.00,,,,
CAN,Bertuzzi,Tyler,LW,DET,7,0,0,0,CA$667'500.00,CA$661'667.00,,,,
CAN,Dorsett,Derek,RW,VAN,14,1,3,4,CA$2'500'000.00,CA$ 662500.00,,,,
USA,Pietila,Blake,LW/C,N.J,10,0,1,1,CA$675'000.00,CA$ 662500.00,,,,
CAN,Gabriel,Kurtis,RW,MIN,13,0,1,1,CA$725'000.00,CA$ 666667.00,,,,
CAN,Carrier,Alex,D,NSH,2,0,0,0,CA$640'000.00,CA$668'333.00,,,,
CAN,Paul,Nick,LW/C,OTT,1,0,0,0,CA$692'500.00,CA$670'000.00,,,,
CAN,Johnston,Ryan,D,MTL,7,0,0,0,CA$692'500.00,CA$680'000.00,,,,
USA,Labate,Joseph,C,VAN,13,0,0,0,CA$680'000.00,CA$680'000.00,,,,
USA,Russo,Robbie,D,DET,19,0,0,0,CA$692'500.00,CA$680'000.00,,,,
CAN,Weegar,Mackenzie,D,FLA,3,0,0,0,CA$705'000.00,CA$680'000.00,,,,
CZE,Simon,Dominik,C,PIT,2,0,1,1,CA$667'500.00,CA$ 692500.00,,,,
USA,Barber,Riley,RW,WSH,3,0,0,0,CA$667'500.00,CA$692'500.00,,,,
CAN,O'Reilly,Cal,C,BUF,11,0,1,1,CA$700'000.00,CA$ 700000.00,,,,
CAN,Gazdic,Luke,LW,N.J,11,0,0,0,CA$700'000.00,CA$700'000.00,,,,
CAN,Varone,Phil,C,OTT,7,0,0,0,CA$700'000.00,CA$700'000.00,,,,
CAN,Vey,Linden,RW/C,CGY,4,0,0,0,CA$700'000.00,CA$700'000.00,,,,
SWE,Sundqvist,Oskar,C,PIT,10,0,0,0,CA$792'500.00,CA$700'833.00,,,,
CAN,Guhle,Brendan,D,BUF,3,0,0,0,CA$667'500.00,CA$703'333.00,,,,
RUS,Zykov,Valentin,LW,CAR,2,1,0,1,CA$727'500.00,CA$ 705000.00,,,,
CAN,Nogier,Nelson,D,WPG,10,0,0,0,CA$650'000.00,CA$713'333.00,,,,
SWE,Lindholm,Anton,D,COL,12,0,0,0,CA$667'500.00,CA$717'500.00,,,,
CAN,Speers,Blake,C,N.J,3,0,0,0,CA$667'500.00,CA$717'500.00,,,,
CAN,Glass,Tanner,LW,NYR,11,1,1,2,CA$1'000'000.00,CA$ 725000.00,,,,
CAN,Stephenson,Chandler,C,WSH,4,0,0,0,CA$842'500.00,CA$725'833.00,,,,
CAN,Blunden,Mike,RW,OTT,2,0,0,0,CA$725'000.00,CA$737'500.00,,,,
CAN,Greer,A.J.,LW,COL,5,0,1,1,CA$725'000.00,CA$ 741667.00,,,,
USA,Robinson,Buddy,RW,OTT,4,0,0,0,CA$750'000.00,CA$750'000.00,,,,
USA,Nieves,Cristoval,C/LW,NYR,1,0,0,0,CA$742'500.00,CA$755'000.00,,,,
CAN,Renouf,Dan,D,DET,1,0,0,0,CA$692'500.00,CA$767'500.00,,,,
USA,Etem,Emerson,LW/RW,ANA,3,0,0,0,CA$775'000.00,CA$775'000.00,,,,
SWE,Heed,Tim,D,S.J,1,0,0,0,CA$775'000.00,CA$775'000.00,,,,
CHE,Bertschy,Christoph,C,MIN,5,0,1,1,CA$742'500.00,CA$ 775833.00,,,,
SWE,Englund,Andreas,D,OTT,5,0,0,0,CA$742'500.00,CA$775'833.00,,,,
SWE,Andersson,Rasmus,D,CGY,1,0,0,0,CA$742'500.00,CA$786'667.00,,,,
USA,Megna,Jaycob,D,ANA,1,0,0,0,CA$925'000.00,CA$786'667.00,,,,
CAN,Desjardins,Andrew,LW/C,CHI,46,0,1,1,CA$800'000.00,CA$ 800000.00,,,,
CAN,McIlrath,Dylan,D,FLA/NYR,6,1,0,1,CA$800'000.00,CA$ 800000.00,,,,
CAN,Morrow,Joe,D,BOS,17,0,1,1,CA$800'000.00,CA$ 800000.00,,,,
CAN,Purcell,Teddy,LW/RW,L.A,12,0,2,2,CA$1'600'000.00,CA$ 800000.00,,,,
USA,Thompson,Nate,C,ANA,30,1,1,2,CA$1'700'000.00,CA$ 800000.00,,,,
CAN,Bourque,Gabriel,LW/RW,COL,6,0,0,0,CA$800'000.00,CA$800'000.00,,,,
CAN,Kearns,Bracken,C,NYI,2,0,0,0,CA$800'000.00,CA$800'000.00,,,,
DNK,Sorensen,Nick,RW,ANA,5,0,1,1,CA$925'000.00,CA$ 803333.00,,,,
USA,Kuraly,Sean,C,BOS,8,0,1,1,CA$692'500.00,CA$ 808750.00,,,,
RUS,Kamenev,Vladislav,LW/C,NSH,2,0,0,0,CA$742'500.00,CA$833'333.00,,,,
CAN,Simpson,Dillon,D,EDM,3,0,0,0,CA$925'000.00,CA$836'667.00,,,,
DEU,O'Regan,Daniel,C/LW,S.J,3,1,0,1,CA$792'500.00,CA$ 858750.00,,,,
USA,Grzelcyk,Matt,D,BOS,2,0,0,0,CA$792'500.00,CA$858'750.00,,,,
USA,Poturalski,Andrew,C,CAR,2,0,0,0,CA$792'500.00,CA$858'750.00,,,,
FIN,Kapanen,Kasperi,RW,TOR,8,1,0,1,CA$925'000.00,CA$ 863333.00,,,,
RUS,Scherbak,Nikita,RW,MTL,3,1,0,1,CA$925'000.00,CA$ 863333.00,,,,
CAN,Shinkaruk,Hunter,C/LW,CGY,7,0,1,1,CA$832'500.00,CA$ 863333.00,,,,
CAN,Laughton,Scott,C/LW,PHI,2,0,0,0,CA$832'500.00,CA$863'333.00,,,,
USA,Milano,Sonny,LW,CBJ,4,0,0,0,CA$925'000.00,CA$863'333.00,,,,
CAN,Morin,Samuel,D,PHI,1,0,0,0,CA$832'500.00,CA$863'333.00,,,,
CAN,Pouliot,Derrick,D,PIT,11,0,0,0,CA$832'500.00,CA$863'333.00,,,,
CAN,Pulock,Ryan,D,NYI,1,0,0,0,CA$832'500.00,CA$863'333.00,,,,
RUS,Kulikov,Dmitry,D,BUF,47,2,3,5,CA$4'500'000.00,CA$ 866666.60,,,,
CAN,Heinen,Danton,C,BOS,8,0,0,0,CA$767'500.00,CA$872'500.00,,,,
CAN,Gaudet,Tyler,C,ARI,4,0,1,1,CA$874'125.00,CA$ 874125.00,,,,
USA,Bailey,Casey,RW/C,OTT,7,0,0,0,CA$874'125.00,CA$874'125.00,,,,
CAN,Siemens,Duncan,D,COL,3,0,0,0,CA$874'125.00,CA$874'125.00,,,,
CAN,Khaira,Jujhar,LW,EDM,10,1,0,1,CA$832'500.00,CA$ 875000.00,,,,
USA,Malone,Sean,C,BUF,1,0,0,0,CA$925'000.00,CA$883'750.00,,,,
CAN,Strome,Dylan,C,ARI,7,0,1,1,CA$925'000.00,CA$ 894167.00,,,,
CAN,Virtanen,Jake,RW,VAN,10,0,1,1,CA$925'000.00,CA$ 894167.00,,,,
CAN,Barzal,Mathew,C,NYI,2,0,0,0,CA$925'000.00,CA$894'167.00,,,,
CAN,Chabot,Thomas,D,OTT,1,0,0,0,CA$925'000.00,CA$894'167.00,,,,
SWE,Hagg,Robert,D,PHI,1,0,0,0,CA$925'000.00,CA$894'167.00,,,,
RUS,Svechnikov,Evgeny,RW/LW,DET,2,0,0,0,CA$925'000.00,CA$894'167.00,,,,
SVK,Jurco,Tomas,LW/RW,CHI/DET,29,1,0,1,CA$950'000.00,CA$ 900000.00,,,,
CAN,Jost,Tyson,C/LW/RW,COL,6,1,0,1,CA$900'000.00,CA$ 916667.00,,,,
SWE,Forsbacka Karlsson,Jakob,C,BOS,1,0,0,0,CA$900'000.00,CA$916'667.00,,,,
SWE,Carlsson,Gabriel,D,CBJ,2,0,1,1,CA$925'000.00,CA$ 925000.00,,,,
USA,Fasching,Hudson,RW,BUF,10,0,1,1,CA$925'000.00,CA$ 925000.00,,,,
USA,Grimaldi,Rocco,C,COL,4,0,1,1,CA$925'000.00,CA$ 925000.00,,,,
USA,McCoshen,Ian,D,FLA,3,0,1,1,CA$925'000.00,CA$ 925000.00,,,,
CAN,Nylander,Alex,RW/LW,BUF,4,0,1,1,CA$925'000.00,CA$ 925000.00,,,,
USA,Reilly,Mike,D,MIN,17,1,0,1,CA$925'000.00,CA$ 925000.00,,,,
SWE,De la Rose,Jacob,LW,MTL,9,0,0,0,CA$925'000.00,CA$925'000.00,,,,
CAN,Jankowski,Mark,C,CGY,1,0,0,0,CA$925'000.00,CA$925'000.00,,,,
USA,Kapla,Michael,D,N.J,5,0,0,0,CA$925'000.00,CA$925'000.00,,,,
USA,Kerdiles,Nicolas,LW,ANA,1,0,0,0,CA$925'000.00,CA$925'000.00,,,,
FIN,Kossila,Kalle,LW/C,ANA,1,0,0,0,CA$925'000.00,CA$925'000.00,,,,
SWE,Larsson,Jacob,D,ANA,4,0,0,0,CA$925'000.00,CA$925'000.00,,,,
USA,Molino,Griffen,C,VAN,5,0,0,0,CA$925'000.00,CA$925'000.00,,,,
USA,O'Gara,Rob,D,BOS,3,0,0,0,CA$925'000.00,CA$925'000.00,,,,
RUS,Sergachev,Mikhail,D,MTL,4,0,0,0,CA$925'000.00,CA$925'000.00,,,,
USA,Tuch,Alex,RW,MIN,6,0,0,0,CA$925'000.00,CA$925'000.00,,,,
USA,Vecchione,Mike,C/RW,PHI,2,0,0,0,CA$925'000.00,CA$925'000.00,,,,
USA,White,Colin,C/D,OTT,2,0,0,0,CA$925'000.00,CA$925'000.00,,,,
CAN,Gordon,Boyd,C/RW,PHI,13,1,0,1,CA$950'000.00,CA$ 950000.00,,,,
SWE,Rodin,Anton,RW,VAN,3,0,1,1,CA$950'000.00,CA$ 950000.00,,,,
CAN,Connauton,Kevin,D,ARI,24,0,1,1,CA$950'000.00,CA$ 1000000.00,,,,
CAN,Stoner,Clayton,D,ANA,14,1,2,3,CA$3'250'000.00,CA$ 1083333.33,,,,
USA,Myers,Tyler,D,WPG,11,2,3,5,CA$4'000'000.00,CA$ 1100000.00,,,,
USA,Greene,Matt,D,L.A,26,1,1,2,CA$2'500'000.00,CA$ 1250000.00,,,,
USA,Condra,Erik,RW,T.B,13,0,0,0,CA$1'250'000.00,CA$1'250'000.00,,,,
USA,Callahan,Ryan,RW,T.B,18,2,2,4,CA$6'500'000.00,CA$ 1450000.00,,,,
CAN,Gelinas,Eric,D,COL,27,0,1,1,CA$1'650'000.00,CA$ 1575000.00,,,,
USA,Fayne,Mark,D,EDM,4,0,2,2,CA$3'500'000.00,CA$ 1812500.00,,,,
CZE,Michalek,Milan,LW/RW,TOR,5,1,1,2,CA$4'000'000.00,CA$ 2000000.00,,,,
CZE,Sobotka,Vladimir,LW/C,STL,1,1,0,1,CA$2'725'000.00,CA$ 2725000.00,,,,
CZE,Michalek,Zbynek,D,ARI,3,0,0,0,CA$3'200'000.00,CA$3'200'000.00,,,,
CAN,Despres,Simon,D,ANA,1,0,0,0,CA$2'600'000.00,CA$3'700'000.00,,,,
CAN,MacArthur,Clarke,LW,OTT,4,0,0,0,CA$4'500'000.00,CA$4'650'000.00,,,,